"","school","city","state","zip","total STEM degrees","total degrees Black","total degrees Native","total degrees AsianPI","total degrees Hispanic","total degrees White"
"965","University of Phoenix (Phoenix, AZ)","","","",25874,4969,291,1634,2624,16356
"622","Pennsylvania State U, Main Campus","University Pk","Pennsylvania","16802",19454,649,16,1279,686,16824
"822","Texas A&M University Main Campus","College Station","Texas","77843",16379,351,75,1009,2375,12569
"886","University of Florida","Gainesville","Florida","32611",15164,1145,58,1632,2367,9962
"591","Ohio State University, Main Campus","Columbus","Ohio","43210",15056,683,41,1108,379,12845
"640","Purdue University, Main Campus","W Lafayette","Indiana","47907",14071,323,65,949,371,12363
"899","University of Illinois at Urbana-Champaign","Champaign","Illinois","61820",13680,544,31,2451,741,9913
"1016","University of Washington - Seattle","Seattle","Washington","98195",13599,447,132,4286,647,8087
"997","University of Texas at Austin","Austin","Texas","78712",12940,411,62,3401,2047,7019
"501","Michigan State University","East Lansing","Michigan","48824",12890,496,72,826,267,11229
"872","University of Central Florida","Orlando","Florida","32816",12687,1319,57,1081,2067,8163
"864","University of California-Davis","Davis","California","95616",12307,255,67,5928,1248,4809
"863","University of California-Berkeley","Berkeley","California","94720",12226,198,49,7306,956,3717
"561","North Carolina State University at Raleigh","Raleigh","North Carolina","27695",11921,744,56,840,318,9963
"21","Arizona State University Main","Tempe","Arizona","85287",11787,341,192,1177,1700,8377
"928","University of Minnesota - Twin Cities","Minneapolis","Minnesota","55455",11783,482,37,1219,221,9824
"868","University of California-San Diego","La Jolla","California","92093",11513,143,41,6853,1088,3388
"1021","University of Wisconsin-Madison","Madison","Wisconsin","53706",11314,175,48,790,264,10037
"923","University of Michigan at Ann Arbor","Ann Arbor","Michigan","48109",10793,366,26,1789,424,8188
"679","Rutgers the State Univ of NJ New Brunswick","New Brunswick","New Jersey","8903",10238,783,12,3372,783,5288
"1044","Virginia Polytechnic Institute and State Univ","Blacksburg","Virginia","24061",10127,330,24,1037,317,8419
"912","University of Maryland at College Park","College Park","Maryland","20742",10017,957,22,2214,520,6304
"865","University of California-Irvine","Irvine","California","92717",10012,195,32,6501,1036,2248
"866","University of California-Los Angeles","Los Angeles","California","90024",9984,196,33,5724,965,3066
"826","Texas Tech University","Lubbock","Texas","79409",9698,674,61,477,1428,7058
"307","Georgia Institute of Technology, Main Campus","Atlanta","Georgia","30332",9513,618,12,1873,566,6444
"95","Brigham Young University, Main Campus","Provo","Utah","84602",9125,21,35,234,358,8477
"983","University of South Florida","Tampa","Florida","33620",8919,935,33,1033,1374,5544
"996","University of Texas at Arlington","Arlington","Texas","76019",8655,1331,30,1223,1187,4884
"592","Ohio University, All Campuses","Athens","Ohio","45701",8280,401,34,82,123,7640
"375","Iowa State University","Ames","Iowa","50011",8278,137,27,268,214,7632
"858","University of Arizona","Tucson","Arizona","85721",8193,237,111,892,1322,5631
"287","Florida State University","Tallahassee","Florida","32306",7449,754,52,407,996,5240
"966","University of Pittsburgh Main Campus","Pittsburgh","Pennsylvania","15260",7330,360,7,465,95,6403
"875","University of Cincinnati, All Campuses","Cincinnati","Ohio","45221",7212,505,25,295,138,6249
"932","University of Missouri, Columbia","Columbia","Missouri","65211",7203,332,39,245,121,6466
"876","University of Colorado at Boulder","Boulder","Colorado","80309",7190,79,48,653,427,5983
"285","Florida International University","Miami","Florida","33199",6869,887,10,421,4651,900
"35","Auburn University, Main Campus","Auburn Univ","Alabama","36849",6863,424,42,147,102,6148
"879","University of Connecticut (Storrs, CT)","","","",6817,306,25,938,357,5191
"161","Clemson University","Clemson","South Carolina","29634",6674,414,27,170,111,5952
"916","University of Massachusetts at Amherst","Amherst","Massachusetts","1003",6638,282,15,744,293,5304
"788","SUNY at Stony Brook, All Campuses","Stony Brook","New York","11794",6591,677,13,2546,578,2777
"247","Drexel University","Philadelphia","Pennsylvania","19104",6576,628,12,1013,272,4651
"193","Colorado State University","Fort Collins","Colorado","80523",6504,66,48,172,387,5831
"1071","West Virginia University","Morgantown","West Virginia","26506",6344,106,22,155,93,5968
"606","Oregon State University","Corvallis","Oregon","97331",6342,47,78,599,251,5367
"887","University of Georgia","Athens","Georgia","30602",6272,403,11,771,186,4901
"1013","University of Utah","Salt Lake City","Utah","84112",6272,58,39,400,272,5503
"108","California State Polytechnic U-San Luis Obispo","Sn Luis Obispo","California","93407",6219,59,53,898,713,4496
"1056","Washington State University (Pullman, WA)","","","",6179,102,77,440,302,5258
"210","Cornell University, All Campuses","Ithaca","New York","14853",6132,273,24,1468,424,3943
"897","University of Illinois at Chicago","Chicago","Illinois","60680",6042,361,13,1995,649,3024
"252","East Carolina University","Greenville","North Carolina","27858",6035,783,53,206,134,4859
"895","University of Houston","Houston","Texas","77004",6013,723,20,1870,1354,2046
"667","Rochester Institute of Technology","Rochester","New York","14623",5880,201,32,368,194,5085
"993","University of Tennessee at Knoxville","Knoxville","Tennessee","37996",5815,376,14,209,98,5118
"364","Indiana University at Bloomington","Bloomington","Indiana","47405",5813,244,13,392,156,5008
"724","Southern Illinois University-Carbondale","Carbondale","Illinois","62901",5765,708,23,175,271,4588
"321","Grand Valley State University","Allendale","Michigan","49401",5567,167,28,174,158,5040
"320","Grand Canyon University","Phoenix","Arizona","85017",5563,654,40,1154,514,3201
"448","Louisiana State Univ & Agric & Mechanical Col","Baton Rouge","Louisiana","70803",5555,390,21,334,199,4611
"363","Indiana University-Purdue Univ at Indianapolis","Indianapolis","Indiana","46202",5519,417,11,255,150,4686
"116","California State University-Long Beach","Long Beach","California","90840",5506,200,149,2256,1135,1766
"950","University of North Carolina at Chapel Hill","Chapel Hill","North Carolina","27599",5480,413,30,667,319,4051
"406","Kansas State University","Manhattan","Kansas","66506",5474,84,23,76,223,5068
"786","SUNY at Buffalo","Buffalo","New York","14260",5352,293,25,727,239,4068
"870","University of California-Santa Cruz","Santa Cruz","California","95064",5230,109,53,1377,755,2936
"571","Northern Illinois University","Dekalb","Illinois","60115",5212,415,7,434,365,3991
"881","University of Delaware","Newark","Delaware","19716",5172,245,8,304,231,4384
"869","University of California-Santa Barbara","Santa Barbara","California","93106",5139,79,27,1098,777,3158
"1015","University of Virginia, Main Campus","Charlottesville","Virginia","22903",5135,308,9,984,187,3647
"411","Kent State University, All Campuses","Kent","Ohio","44242",5125,283,22,148,78,4594
"995","University of Texas - Pan American","Edinburg","Texas","78539",5121,30,2,94,4723,272
"598","Oklahoma State University, All Campuses","Stillwater","Oklahoma","74078",5108,125,420,109,164,4290
"813","Temple University","Philadelphia","Pennsylvania","19122",5043,813,30,1080,171,2949
"980","University of South Carolina at Columbia","Columbia","South Carolina","29208",5037,597,12,263,144,4021
"1043","Virginia Commonwealth University","Richmond","Virginia","23284",4969,774,20,1005,188,2982
"109","California State Polytechnic University Pomona","Pomona","California","91768",4943,157,26,1652,1400,1708
"599","Old Dominion University","Norfolk","Virginia","23529",4927,956,22,333,218,3398
"1011","University of Toledo","Toledo","Ohio","43606",4923,275,4,180,129,4335
"944","University of New Hampshire","Durham","New Hampshire","3824",4911,51,9,135,104,4612
"902","University of Kansas, Main Campus","Lawrence","Kansas","66045",4909,135,30,343,195,4206
"901","University of Iowa","Iowa City","Iowa","52242",4858,78,10,265,132,4373
"569","Northeastern University","Boston","Massachusetts","2115",4856,255,21,597,221,3762
"688","San Diego State University (San Diego, CA)","","","",4851,176,39,1260,1079,2297
"283","Florida Atlantic University","Boca Raton","Florida","33431",4824,1168,17,380,912,2347
"690","San Jose State University","San Jose","California","95192",4815,166,21,2404,736,1488
"951","University of North Carolina at Charlotte","Charlotte","North Carolina","28223",4815,550,26,311,211,3717
"570","Northern Arizona University","Flagstaff","Arizona","86011",4809,100,227,143,658,3681
"903","University of Kentucky","Lexington","Kentucky","40506",4796,198,7,167,56,4368
"735","Southwest Texas State University","San Marcos","Texas","78666",4779,252,31,152,1065,3279
"857","University of Alabama","Tuscaloosa","Alabama","35487",4777,451,26,67,103,4130
"1022","University of Wisconsin-Milwaukee","Milwaukee","Wisconsin","53201",4734,167,18,275,163,4111
"655","Rensselaer Polytechnic Institute","Troy","New York","12180",4677,119,12,532,281,3733
"938","University of Nebraska at Lincoln","Lincoln","Nebraska","68588",4646,52,14,177,136,4267
"716","South Dakota State University","Brookings","South Dakota","57007",4607,22,40,33,26,4486
"303","George Mason University","Fairfax","Virginia","22030",4540,474,18,1388,406,2254
"999","University of Texas at El Paso","El Paso","Texas","79968",4477,119,12,100,3709,537
"834","Towson State University","Towson","Maryland","21204",4457,681,18,267,144,3347
"1014","University of Vermont","Burlington","Vermont","5405",4448,49,14,118,113,4154
"357","Illinois State University","Normal","Illinois","61761",4435,160,12,88,149,4026
"854","University of Akron, All Campuses","Akron","Ohio","44325",4405,180,8,200,51,3966
"1001","University of Texas at San Antonio","San Antonio","Texas","78285",4344,291,16,386,1972,1679
"984","University of Southern California (CA)","","","",4306,154,2,1565,593,1992
"395","James Madison University","Harrisonburg","Virginia","22807",4293,161,13,335,105,3679
"1079","Western Michigan University","Kalamazoo","Michigan","49008",4252,206,19,106,127,3794
"867","University of California-Riverside","Riverside","California","92521",4250,238,12,2149,889,962
"934","University of Missouri, Rolla","Rolla","Missouri","65401",4202,194,26,113,86,3783
"400","Johns Hopkins University","Baltimore","Maryland","21218",4169,267,18,1182,317,2385
"913","University of Maryland Baltimore County","Baltimore","Maryland","21228",4139,687,13,1146,128,2165
"502","Michigan Technological University","Houghton","Michigan","49931",4130,47,25,54,63,3941
"84","Boston University","Boston","Massachusetts","2215",4128,149,17,1085,323,2554
"661","Ricks College","Rexburg","Idaho","83460",4096,16,18,62,135,3865
"111","California State University-Chico","Chico","California","95929",4064,56,48,338,522,3100
"586","Oakland University","Rochester Hills","Michigan","48309",4061,248,18,260,56,3479
"942","University of Nevada-Reno","Reno","Nevada","89557",4059,59,25,394,351,3230
"119","California State University-Sacramento","Sacramento","California","95819",4002,179,29,1153,584,2057
"515","Mississippi State University","Miss State","Mississippi","39762",3953,320,7,75,57,3494
"113","California State University-Fresno","Fresno","California","93740",3949,134,34,791,1155,1835
"956","University of North Florida","Jacksonville","Florida","32216",3924,400,13,355,264,2892
"370","Indiana Wesleyan University","Marion","Indiana","46953",3908,405,13,46,63,3381
"946","University of New Mexico, All Campuses","Albuquerque","New Mexico","87131",3875,89,163,244,1406,1973
"970","University of Rhode Island","Kingston","Rhode Island","2881",3843,143,15,132,150,3403
"964","University of Pennsylvania (Philadelphia, PA)","","","",3825,261,16,1160,204,2184
"962","University of Oklahoma, Norman Campus","Norman","Oklahoma","73019",3796,180,230,445,119,2822
"56","Baylor University","Waco","Texas","76798",3794,308,8,447,525,2506
"861","University of Arkansas, Main Campus","Fayetteville","Arkansas","72701",3789,142,79,166,131,3271
"500","Miami University, All Campuses","Oxford","Ohio","45056",3786,99,21,181,78,3407
"483","Massachusetts Institute of Technology","Cambridge","Massachusetts","2139",3777,304,42,1174,518,1739
"143","Central Michigan University","Mt Pleasant","Michigan","48859",3744,104,27,54,77,3482
"281","Ferris State University","Big Rapids","Michigan","49307",3734,129,22,82,58,3443
"523","Montana State University - Bozeman","Bozeman","Montana","59717",3663,13,66,46,58,3480
"785","SUNY at Binghamton","Binghamton","New York","13902",3631,194,7,692,197,2541
"828","Texas Woman's University","Denton","Texas","76204",3604,591,23,485,583,1922
"563","North Dakota State University, All Campuses","Fargo","North Dakota","58105",3581,34,25,55,19,3448
"957","University of North TX","Denton","Texas","76203",3581,523,16,290,455,2297
"855","University of Alabama at Birmingham","Birmingham","Alabama","35294",3580,796,12,261,68,2443
"114","California State University-Fullerton","Fullerton","California","92634",3544,119,10,1236,947,1232
"689","San Francisco State University","San Francisco","California","94132",3517,215,20,1519,555,1208
"536","Mount St Clare College","Clinton","Iowa","52732",3487,1125,30,111,263,1958
"922","University of Miami","Coral Gables","Florida","33124",3478,326,7,376,1131,1638
"1078","Western Kentucky University","Bowling Green","Kentucky","42101",3429,114,9,48,39,3219
"255","East Tennessee State University","Johnson City","Tennessee","37614",3411,109,4,95,77,3126
"1034","Utah State University","Logan","Utah","84322",3385,33,23,84,238,3007
"308","Georgia Southern University","Statesboro","Georgia","30460",3367,729,6,59,92,2481
"915","University of Maryland University College","College Park","Maryland","20742",3362,889,12,280,224,1957
"725","Southern Illinois University at Edwardsville","Edwardsville","Illinois","62026",3340,196,9,86,79,2970
"118","California State University-Northridge","Northridge","California","91330",3332,192,8,860,759,1513
"1112","Wright State University, All Campuses","Dayton","Ohio","45435",3236,253,16,152,73,2742
"977","University of South Alabama","Mobile","Alabama","36688",3224,412,26,181,89,2516
"634","Portland State University","Portland","Oregon","97207",3202,87,47,361,182,2525
"1106","Winston-Salem State University","Winston-Salem","North Carolina","27110",3196,1587,27,53,52,1477
"919","University of Massachusetts Lowell","Lowell","Massachusetts","1854",3175,193,2,381,197,2402
"998","University of Texas at Dallas","Richardson","Texas","75083",3174,197,10,939,338,1690
"908","University of Maine","Orono","Maine","4469",3166,22,39,57,40,3008
"1031","University of Wyoming","Laramie","Wyoming","82071",3145,22,16,42,101,2964
"905","University of Louisville","Louisville","Kentucky","40292",3135,160,6,171,68,2730
"961","University of Oklahoma Health Sciences Center","Oklahoma City","Oklahoma","73190",3113,113,215,233,144,2408
"761","St Louis University, Main Campus","Saint Louis","Missouri","63103",3104,139,4,287,88,2586
"1084","Western Washington University","Bellingham","Washington","98225",3102,33,49,193,135,2692
"549","New Jersey Institute Technology","Newark","New Jersey","7102",3092,282,15,847,635,1313
"410","Kennesaw State University","Marietta","Georgia","30061",3076,462,17,197,140,2260
"551","New Mexico State University, All Campuses","Las Cruces","New Mexico","88003",3060,58,119,84,1324,1475
"988","University of Southern Mississippi (MS)","","","",3060,611,5,56,50,2338
"504","Middle Tennessee State University","Murfreesboro","Tennessee","37132",3057,266,5,133,86,2567
"941","University of Nevada-Las Vegas","Las Vegas","Nevada","89154",3028,207,25,782,456,1558
"249","Duke University","Durham","North Carolina","27706",3023,164,15,996,149,1699
"1018","University of Wisconsin-Eau Claire","Eau Claire","Wisconsin","54701",3010,14,16,73,34,2873
"192","Colorado School of Mines","Golden","Colorado","80401",2996,40,22,184,209,2541
"1059","Wayne State University","Detroit","Michigan","48202",2996,348,8,466,61,2113
"82","Boise State University","Boise","Idaho","83725",2995,40,34,116,149,2656
"310","Georgia State University","Atlanta","Georgia","30303",2993,994,9,691,171,1128
"1110","Worcester Polytechnic Institute","Worcester","Massachusetts","1609",2989,81,13,217,179,2499
"952","University of North Carolina at Greensboro","Greensboro","North Carolina","27412",2978,691,14,167,104,2002
"474","Marquette University","Milwaukee","Wisconsin","53233",2964,63,9,157,143,2592
"926","University of Minnesota - Duluth","Duluth","Minnesota","55812",2916,28,13,72,25,2778
"960","University of Notre Dame","Notre Dame","Indiana","46556",2907,49,6,225,221,2406
"1042","Villanova University","Villanova","Pennsylvania","19085",2893,106,2,238,131,2416
"954","University of North Carolina at Wilmington","Wilmington","North Carolina","28403",2886,100,26,58,109,2593
"891","University of Hawaii at Manoa","Honolulu","Hawaii","96822",2867,24,9,2074,133,627
"1061","Weber State University","Ogden","Utah","84408",2853,32,18,82,96,2625
"199","Columbia University in the City of New York","New York","New York","10027",2846,204,9,759,344,1530
"1025","University of Wisconsin-Platteville","Platteville","Wisconsin","53818",2831,11,8,32,25,2755
"131","Carnegie Mellon University","Pittsburgh","Pennsylvania","15213",2829,124,14,964,181,1546
"584","Nova Southeastern University","Ft Lauderdale","Florida","33314",2808,562,9,257,862,1118
"1020","University of Wisconsin-La Crosse","La Crosse","Wisconsin","54601",2808,14,10,61,31,2692
"850","United States Naval Academy","Annapolis","Maryland","21402",2805,110,16,125,295,2259
"815","Tennessee Technological University","Cookeville","Tennessee","38505",2782,59,9,47,51,2616
"1027","University of Wisconsin-Stevens Point","Stevens Point","Wisconsin","54481",2780,8,14,58,23,2677
"261","Eastern Michigan University","Ypsilanti","Michigan","48197",2774,362,10,95,62,2245
"553","New York University","New York","New York","10012",2773,158,5,815,253,1542
"856","University of Alabama in Huntsville","Huntsville","Alabama","35899",2758,304,50,97,59,2248
"775","Stanford University (Stanford, CA)","","","",2748,167,18,888,403,1272
"468","Mankato State University","Mankato","Minnesota","56001",2747,116,6,65,50,2510
"989","University of Southwestern Louisiana","Lafayette","Louisiana","70504",2747,261,7,86,53,2340
"811","Syracuse University, Main Campus","Syracuse","New York","13210",2700,269,29,384,202,1816
"972","University of Rochester","Rochester","New York","14627",2700,104,9,442,121,2024
"455","Loyola University of Chicago","Chicago","Illinois","60611",2695,84,5,604,209,1793
"19","Appalachian State University","Boone","North Carolina","28608",2601,63,15,46,53,2424
"734","Southwest Missouri State University","Springfield","Missouri","65804",2595,46,22,54,42,2431
"986","University of Southern Indiana","Evansville","Indiana","47712",2540,48,5,24,23,2440
"1067","West Chester University of Pennsylvania","West Chester","Pennsylvania","19383",2536,192,10,95,59,2180
"49","Ball State University","Muncie","Indiana","47306",2535,60,5,18,57,2395
"581","Northwestern Univ","Evanston","Illinois","60201",2529,74,1,809,137,1508
"163","Cleveland State University","Cleveland","Ohio","44115",2527,247,6,145,66,2063
"86","Bowling Green State Univ, All Campuses","Bowling Green","Ohio","43403",2521,186,13,19,71,2232
"1094","Wichita State University","Wichita","Kansas","67208",2507,114,30,278,132,1953
"654","Regis University","Denver","Colorado","80221",2499,117,15,119,212,2036
"540","Murray State University","Murray","Kentucky","42071",2497,86,8,21,21,2361
"676","Rowan College of New Jersey","Glassboro","New Jersey","8028",2495,122,8,101,146,2118
"955","University of North Dakota, All Campuses","Grand Forks","North Dakota","58202",2491,38,76,25,27,2325
"134","Case Western Reserve University","Cleveland","Ohio","44106",2443,99,3,509,51,1781
"498","Metropolitan State College of Denver","Denver","Colorado","80217",2443,127,27,145,266,1878
"921","University of Memphis","Memphis","Tennessee","38152",2435,584,5,140,62,1644
"778","Stephen F Austin State University","Nacogdoches","Texas","75962",2434,385,14,40,212,1783
"917","University of Massachusetts at Boston","Boston","Massachusetts","2125",2427,432,8,305,165,1517
"931","University of Mississippi, Main Campus","University","Mississippi","38677",2415,297,5,78,29,2006
"266","ECPI College of Technology","Virginia Beach","Virginia","23462",2410,695,19,114,123,1459
"878","University of Colorado at Denver","Denver","Colorado","80204",2407,122,18,339,226,1702
"896","University of Idaho","Moscow","Idaho","83843",2389,5,18,41,87,2238
"820","Texas A&M University Corpus Christi","Corpus Chrsti","Texas","78412",2363,110,13,121,851,1268
"963","University of Oregon","Eugene","Oregon","97403",2362,23,22,219,91,2007
"238","DeVry Institute of Tech (Oakbrook Terr, IL)","Oakbrook Terr","Illinois","60181",2319,293,17,172,328,1509
"846","United States Air Force Academy","Colorado Spring","Colorado","80840",2303,61,21,165,155,1901
"117","California State University-Los Angeles","Los Angeles","California","90032",2301,164,2,906,820,409
"1002","University of Texas at Tyler","Tyler","Texas","75701",2290,198,14,76,171,1831
"1074","Western Carolina University","Cullowhee","North Carolina","28723",2289,78,29,33,43,2106
"264","Eastern Washington University","Cheney","Washington","99004",2284,53,35,137,189,1870
"211","Creighton University","Omaha","Nebraska","68178",2264,40,13,272,52,1887
"1017","University of West Florida","Pensacola","Florida","32514",2264,180,18,154,123,1789
"431","Lehigh University","Bethlehem","Pennsylvania","18015",2255,60,1,197,102,1895
"660","Richard Stockton College of New Jersey","Pomona","New Jersey","8240",2247,97,6,210,109,1825
"273","Emory University","Atlanta","Georgia","30322",2246,295,8,718,89,1136
"644","Quinnipiac College","Hamden","Connecticut","6518",2239,58,7,94,119,1961
"1117","Youngstown State University","Youngstown","Ohio","44555",2232,114,9,95,48,1966
"115","California State University-Hayward","Hayward","California","94542",2220,203,12,998,354,653
"871","University of Central Arkansas","Conway","Arkansas","72032",2219,287,18,77,56,1781
"1105","Winona State University","Winona","Minnesota","55987",2219,63,8,52,27,2069
"46","Baker College of Flint","Flint","Michigan","48507",2217,221,15,50,47,1884
"22","Arkansas State University, All Campuses","State Univ","Arkansas","72467",2195,194,6,24,32,1939
"880","University of Dayton","Dayton","Ohio","45469",2191,56,3,41,35,2056
"215","CUNY Hunter College","New York","New York","10021",2186,299,4,655,235,993
"772","St Petersburg Junior College","St Petersburg","Florida","33733",2177,238,10,73,138,1718
"259","Eastern Kentucky University","Richmond","Kentucky","40475",2172,53,2,22,21,2074
"958","University of Northern Colorado (Greeley, CO)","","","",2169,50,17,77,167,1858
"214","CUNY City College","New York","New York","10031",2166,506,5,686,440,529
"229","Deaconess College of Nursing","St. Louis","Missouri","?????",2166,356,10,75,74,1651
"1023","University of Wisconsin-Oshkosh","Oshkosh","Wisconsin","54901",2158,17,17,81,28,2015
"849","United States Military Academy","West Point","New York","10996",2153,97,17,147,183,1709
"159","Clarkson University","Potsdam","New York","13676",2149,38,10,63,50,1988
"436","Liberty University","Lynchburg","Virginia","24506",2138,186,11,50,80,1811
"24","Armstrong Atlantic State University","Savannah","Georgia","31419",2131,510,4,81,93,1443
"685","Sam Houston State University","Huntsville","Texas","77341",2120,196,18,43,218,1645
"940","University of Nebraska Medical Center","Omaha","Nebraska","68198",2106,21,14,49,72,1950
"933","University of Missouri, Kansas City","Kansas City","Missouri","64110",2099,176,13,221,101,1588
"482","Massachusetts College of Phar & Allied Hlth Sci","Boston","Massachusetts","2115",2095,116,7,540,75,1357
"559","North Carolina Agricultural & Tech State Univ","Greensboro","North Carolina","27411",2092,1808,6,46,43,189
"652","Regents College, Univ of the State of New York","Albany","New York","12203",2092,237,9,82,115,1649
"120","California State University-San Bernardino","Sn Bernardino","California","92407",2078,194,11,395,723,755
"605","Oregon Institute of Technology","Klamath Falls","Oregon","97601",2073,25,27,156,103,1762
"354","Idaho State University","Pocatello","Idaho","83201",2066,18,22,53,87,1886
"572","Northern Kentucky University","Highland Hts","Kentucky","41076",2060,84,5,37,22,1912
"992","University of Tennessee at Chattanooga","Chattanooga","Tennessee","37403",2047,175,7,86,19,1760
"684","Salisbury State University","Salisbury","Maryland","21801",2042,198,7,71,47,1719
"821","Texas A&M University Kingsville","Kingsville","Texas","78363",2037,63,7,15,1313,639
"883","University of Detroit Mercy","Detroit","Michigan","48221",2027,254,29,117,67,1560
"754","St John's University (Jamaica, NY)","Jamaica","New York","11439",2019,351,4,552,304,808
"812","Tarleton State University","Stephenville","Texas","76402",2008,114,21,28,88,1757
"336","Harvard University","Cambridge","Massachusetts","2138",1993,157,12,644,156,1024
"1004","University of Texas Hlth Sci Ctr San Antonio","San Antonio","Texas","78284",1993,113,6,189,762,923
"831","Thomas Jefferson University","Philadelphia","Pennsylvania","19107",1987,174,3,270,68,1472
"97","Brown University","Providence","Rhode Island","2912",1962,89,6,483,162,1222
"451","Louisiana Tech University","Ruston","Louisiana","71272",1954,218,12,20,17,1687
"635","Prairie View A&M University","Prairie View","Texas","77446",1943,1497,2,201,164,79
"144","Central Missouri State University","Warrensburg","Missouri","64093",1936,119,7,28,25,1757
"729","Southern Polytechnic State University","Marietta","Georgia","30060",1935,419,5,141,102,1268
"1039","Vanderbilt University","Nashville","Tennessee","37240",1928,126,8,257,110,1427
"146","Central Washington University","Ellensburg","Washington","98926",1924,36,19,80,149,1640
"88","Bradley University","Peoria","Illinois","61625",1922,62,4,79,74,1703
"83","Boston College","Chestnut Hill","Massachusetts","2167",1921,62,6,278,139,1436
"967","University of Portland","Portland","Oregon","97203",1921,30,17,254,89,1531
"675","Rose-Hulman Institute of Technology","Terre Haute","Indiana","47803",1912,30,4,83,39,1756
"250","Duquesne University","Pittsburgh","Pennsylvania","15282",1905,49,1,35,29,1791
"789","SUNY College at Brockport","Brockport","New York","14420",1900,121,5,41,48,1685
"1035","Utah Valley State College","Orem","Utah","84058",1895,9,20,39,94,1733
"718","Southeastern Louisiana University","Hammond","Louisiana","70402",1894,188,6,25,47,1628
"877","University of Colorado at Colorado Springs","Colorado Spg","Colorado","80933",1851,49,18,136,172,1476
"80","Bloomsburg University of Pennsylvania","Bloomsburg","Pennsylvania","17815",1848,36,2,26,38,1746
"873","University of Central Oklahoma","Edmond","Oklahoma","73034",1843,172,88,130,93,1360
"748","St Cloud State University","Saint Cloud","Minnesota","56301",1832,88,7,48,29,1660
"1026","University of Wisconsin-River Falls","River Falls","Wisconsin","54022",1826,11,4,39,8,1764
"508","Midwestern State University","Wichita Falls","Texas","76308",1823,316,19,144,160,1184
"394","Jacksonville University","Jacksonville","Florida","32211",1818,258,17,79,94,1370
"823","Texas Christian University","Fort Worth","Texas","76129",1817,74,7,95,183,1458
"271","Embry-Riddle Aeronautical University (FL)","","","",1814,76,14,151,154,1419
"183","College of St Scholastica","Duluth","Minnesota","55811",1809,19,18,25,19,1728
"1076","Western Illinois University","Macomb","Illinois","61455",1808,94,5,20,56,1633
"3","Adelphi University","Garden City","New York","11530",1807,381,2,265,134,1025
"784","SUNY at Albany","Albany","New York","12222",1799,200,2,204,134,1259
"659","Rice University","Houston","Texas","77251",1787,115,6,522,235,909
"566","Northeast Louisiana University","Monroe","Louisiana","71209",1783,319,6,70,29,1359
"573","Northern Michigan University","Marquette","Michigan","49855",1781,11,31,21,13,1705
"959","University of Northern Iowa","Cedar Falls","Iowa","50614",1780,23,4,24,21,1708
"935","University of Missouri, St Louis","Saint Louis","Missouri","63121",1770,228,5,93,35,1409
"423","Lamar University-Beaumont","Beaumont","Texas","77710",1758,344,11,119,154,1130
"681","Saginaw Valley State University","Univ Ctr","Michigan","48710",1749,61,7,26,33,1622
"304","George Washington University","Washington","District of Columbia","20052",1743,192,9,346,112,1084
"361","Indiana State University","Terre Haute","Indiana","47809",1743,125,3,34,27,1554
"925","University of Michigan at Flint","Flint","Michigan","48503",1733,120,14,53,48,1498
"981","University of South Carolina at Spartanburg","Spartanburg","South Carolina","29303",1733,333,6,45,73,1276
"1069","West Texas A&M University","Canyon","Texas","79016",1729,69,20,56,240,1344
"487","McNeese State University","Lake Charles","Louisiana","70609",1726,228,14,36,24,1424
"859","University of Arkansas at Little Rock","Little Rock","Arkansas","72204",1725,402,14,66,39,1204
"841","Truman State University","Kirksville","Missouri","63501",1715,52,12,59,40,1552
"639","Purdue University, Calumet Campus","Hammond","Indiana","46323",1712,152,7,67,225,1261
"618","Pennsylvania College of Technology","Williamsport","Pennsylvania","17701",1706,31,4,29,32,1610
"918","University of Massachusetts at Dartmouth","N Dartmouth","Massachusetts","2747",1701,77,4,61,46,1513
"352","Humboldt State University","Arcata","California","95521",1700,16,32,72,198,1382
"512","Milwaukee School of Engineering","Milwaukee","Wisconsin","53201",1697,23,10,42,47,1575
"258","Eastern Illinois University","Charleston","Illinois","61920",1668,117,2,34,42,1473
"443","Long Island University Brooklyn Campus","Brooklyn","New York","11201",1664,570,5,387,178,524
"777","State University of West Georgia","Carrollton","Georgia","30118",1647,411,3,47,48,1138
"442","Loma Linda University","Loma Linda","California","92350",1636,77,8,467,347,737
"782","Strayer College","Washington","District of Columbia","20036",1636,578,9,164,91,794
"730","Southern University A&M Col at Baton Rouge","Baton Rouge","Louisiana","70813",1635,1522,1,13,10,89
"61","Bellevue University","Bellevue","Nebraska","68005",1632,209,6,66,67,1284
"172","College of Charleston","Charleston","South Carolina","29424",1624,60,6,65,38,1455
"911","University of Maryland at Baltimore","Baltimore","Maryland","21201",1615,384,8,227,70,926
"509","Millersville University of Pennsylvania","Millersville","Pennsylvania","17551",1613,40,5,35,53,1480
"578","Northwest State University","Natchitoches","Louisiana","71497",1611,352,21,27,45,1166
"680","Rutgers the State Univ of NJ Newark Campus","Newark","New Jersey","7102",1610,279,6,547,239,539
"475","Marshall University","Huntington","West Virginia","25755",1608,57,7,22,20,1502
"519","Molloy College","Rockville Ctr","New York","11570",1606,340,5,162,155,944
"1028","University of Wisconsin-Stout","Menomonie","Wisconsin","54751",1604,18,9,27,11,1539
"987","University of Southern Maine","Portland","Maine","4103",1593,32,17,31,26,1487
"1005","University of Texas Medical Branch at Galveston","Galveston","Texas","77550",1588,239,4,232,238,875
"368","Indiana University of PA, All Campuses","Indiana","Pennsylvania","15705",1575,59,6,26,23,1461
"710","Slippery Rock University of Pennsylvania","Slippery Rock","Pennsylvania","16057",1570,61,2,12,19,1476
"418","La Salle University","Philadelphia","Pennsylvania","19141",1554,364,4,110,82,994
"840","Troy State University, Main Campus","Troy","Alabama","36082",1552,347,16,35,41,1113
"627","Pittsburg State University","Pittsburg","Kansas","66762",1549,23,33,21,36,1436
"924","University of Michigan at Dearborn","Dearborn","Michigan","48124",1549,78,8,173,49,1241
"124","California University of Pennsylvania","California","Pennsylvania","15419",1548,55,2,5,16,1470
"401","Johnson and Wales University","Providence","Rhode Island","2903",1542,230,6,63,188,1055
"637","Princeton University","Princeton","New Jersey","8544",1540,113,11,426,123,867
"936","University of Montana","Missoula","Montana","59812",1535,4,32,20,45,1434
"393","Jacksonville State University","Jacksonville","Alabama","36265",1526,273,14,15,14,1210
"860","University of Arkansas for Medical Sciences","Little Rock","Arkansas","72205",1523,146,14,33,43,1287
"645","Radford University","Radford","Virginia","24142",1520,82,3,38,23,1374
"843","Tulane University","New Orleans","Louisiana","70118",1516,108,12,168,62,1166
"833","Touro College (New York, NY)","New York","New York","10001",1514,51,1,147,70,1245
"112","California State University-Dominguez Hills","Carson","California","90747",1513,238,9,352,425,489
"311","GMI Engineering and Management Institute","Flint","Michigan","48504",1513,57,7,72,37,1340
"408","Kean College of New Jersey","Union","New Jersey","7083",1513,273,6,240,248,746
"160","Clayton State College","Morrow","Georgia","30260",1498,873,3,145,63,414
"698","Seattle University","Seattle","Washington","98122",1488,54,17,401,94,922
"687","Samuel Merritt College","Oakland","California","94609",1482,72,11,463,149,787
"829","The College of New Jersey","Trenton","New Jersey","8625",1482,73,1,203,116,1089
"23","Arkansas Tech University","Russellville","Arkansas","72801",1479,51,20,24,32,1352
"216","CUNY New York City Technical College","Brooklyn","New York","11201",1476,611,2,308,284,271
"351","Howard University","Washington","District of Columbia","20059",1470,1426,1,28,9,6
"450","Louisiana State Univ Medical Center","New Orleans","Louisiana","70112",1464,149,2,101,60,1152
"717","Southeast Missouri State University","Cpe Girardeau","Missouri","63701",1462,72,3,13,9,1365
"1003","University of Texas Hlth Sci Ctr Houston","Houston","Texas","77225",1460,154,8,233,235,830
"493","Mercer University","Macon","Georgia","31207",1442,345,4,138,56,899
"625","Philadelphia College of Pharmacy and Science","Philadelphia","Pennsylvania","19104",1439,77,4,573,30,755
"141","Central Connecticut State University","New Britain","Connecticut","6050",1435,106,6,89,85,1149
"619","Pennsylvania State U at Erie-Behrend College","Erie","Pennsylvania","16563",1417,20,2,28,16,1351
"842","Tufts University","Medford","Massachusetts","2155",1417,44,4,253,64,1052
"100","Bucknell University","Lewisburg","Pennsylvania","17837",1414,18,1,89,47,1259
"800","SUNY College of Environmental Sci & Forestry","Syracuse","New York","13210",1414,13,11,43,52,1295
"164","Coastal Carolina University","Conway","South Carolina","29526",1413,177,3,18,40,1175
"377","Ithaca College","Ithaca","New York","14850",1413,28,4,66,50,1265
"339","Hawaii Pacific University","Honolulu","Hawaii","96813",1412,32,11,782,163,424
"683","Salem State College","Salem","Massachusetts","1970",1408,213,3,51,80,1061
"994","University of Tennessee at Martin","Martin","Tennessee","38238",1407,71,3,14,12,1307
"604","Oregon Health Sciences University","Portland","Oregon","97201",1405,14,14,59,53,1265
"42","Austin Peay State University","Clarksville","Tennessee","37044",1401,114,12,47,78,1150
"228","De Paul University","Chicago","Illinois","60604",1401,89,3,186,184,939
"1037","Valdosta State University","Valdosta","Georgia","31698",1401,295,3,31,38,1034
"359","Immaculata College","Immaculata","Pennsylvania","19345",1397,229,5,34,16,1113
"305","Georgetown University","Washington","District of Columbia","20057",1395,69,2,152,66,1106
"814","Tennessee State University","Nashville","Tennessee","37209",1393,1033,4,47,30,279
"362","Indiana University-Purdue Univ at Fort Wayne","Fort Wayne","Indiana","46805",1392,48,4,56,32,1252
"526","Montclair State University","Upr Montclair","New Jersey","7043",1392,174,3,208,351,656
"976","University of Scranton","Scranton","Pennsylvania","18510",1392,21,2,46,66,1257
"852","University of AK Anchorage, All Campuses","Anchorage","Alaska","99508",1385,39,86,121,54,1085
"528","Morehead State University","Morehead","Kentucky","40351",1377,17,2,14,19,1325
"939","University of Nebraska at Omaha","Omaha","Nebraska","68182",1376,57,2,63,56,1198
"974","University of San Francisco","San Francisco","California","94117",1368,65,8,518,185,592
"45","Azusa Pacific University","Azusa","California","91702",1354,103,11,302,198,740
"51","Barry University","Miami","Florida","33161",1354,402,4,43,619,286
"723","Southern Connecticut State University","New Haven","Connecticut","6515",1345,160,5,66,76,1038
"254","East Stroudsburg University of Pennsylvania","E Stroudsburg","Pennsylvania","18301",1336,51,4,41,71,1169
"568","Northeastern State University","Tahlequah","Oklahoma","74464",1336,60,348,32,44,852
"787","SUNY at Farmingdale","Farmingdale","New York","11735",1329,208,4,161,206,750
"522","Monroe College","Bronx","New York","10468",1328,782,2,20,497,27
"224","Dartmouth College","Hanover","New Hampshire","3755",1326,66,33,261,60,906
"889","University of Hartford","West Hartford","Connecticut","6117",1323,169,4,65,81,1004
"920","University of Medicine and Dentistry of New Jersey","Newark","New Jersey","7103",1313,260,1,216,151,685
"543","National University (San Diego, CA)","","","",1312,102,7,288,180,735
"1064","Wentworth Inst of Tech","Boston","Massachusetts","2115",1305,70,2,119,49,1065
"300","Gannon University","Erie","Pennsylvania","16541",1301,26,3,20,15,1237
"646","Ramapo College of New Jersey","Mahwah","New Jersey","7430",1300,69,1,123,109,998
"225","Davenport College","Grand Rapids","Michigan","49503",1297,224,2,54,43,974
"314","Gonzaga University","Spokane","Washington","99258",1296,10,12,83,64,1127
"770","St Olaf College","Northfield","Minnesota","55057",1283,14,3,62,14,1190
"527","Moorhead State University","Moorhead","Minnesota","56560",1273,32,7,24,23,1187
"611","Pace University New York Campus","New York","New York","10038",1268,207,5,163,138,755
"760","St Leo College","Saint Leo","Florida","33574",1263,449,6,36,113,659
"356","Illinois Institute of Technology","Chicago","Illinois","60616",1262,58,10,257,97,840
"601","Olivet Nazarene University","Kankakee","Illinois","60901",1255,153,3,49,55,995
"943","University of New England","Biddeford","Maine","4005",1254,9,5,21,10,1209
"480","Maryville University of St Louis","Saint Louis","Missouri","63141",1252,69,3,20,16,1144
"930","University of Mississippi Medical Center","Jackson","Mississippi","39216",1236,249,7,26,12,942
"415","King College","Bristol","Tennessee","37620",1233,22,9,6,14,1182
"726","Southern Methodist University","Dallas","Texas","75275",1227,47,10,140,121,909
"1101","William Paterson College","Wayne","New Jersey","7470",1227,147,1,201,209,669
"556","Nicholls State University","Thibodaux","Louisiana","70310",1223,128,20,12,20,1043
"234","DeVry Institute of Tech (Cty of Industry, CA)","Cty Of Industry","California","91744",1220,72,3,377,310,458
"200","Columbus State University","Columbus","Georgia","31993",1219,437,7,37,65,673
"289","Fort Hays State University","Hays","Kansas","67601",1219,15,4,12,46,1142
"990","University of St Thomas (Saint Paul, MN)","Saint Paul","Minnesota","55105",1218,38,3,57,39,1081
"284","Florida Institute of Technology (Melbourne, FL)","","","",1216,37,4,55,105,1015
"1038","Valparaiso University","Valparaiso","Indiana","46383",1214,39,2,24,40,1109
"1111","Worcester State College","Worcester","Massachusetts","1602",1210,110,4,65,46,985
"371","Inter American U of PR Metropolitan Campus","Hato Rey","Puerto Rico","919",1205,6,2,3,1183,11
"306","Georgia College and State University","Milledgeville","Georgia","31061",1187,81,4,20,22,1060
"157","Clarion University of PA, All Campuses","Clarion","Pennsylvania","16214",1177,31,1,11,8,1126
"530","Mount Carmel College of Nursing","Columbus","Ohio","43222",1167,63,1,29,23,1051
"5","Alabama Agricultural and Mechanical University","Normal","Alabama","35762",1165,1125,1,3,6,30
"217","CUNY York College","Jamaica","New York","11451",1161,642,3,230,137,149
"499","Metropolitan State University","Saint Paul","Minnesota","55101",1158,196,6,117,51,788
"18","Angelo State University","San Angelo","Texas","76901",1157,58,5,22,172,900
"75","Bethel College and Seminary, All Campuses","Saint Paul","Minnesota","55112",1155,108,1,19,11,1016
"121","California State University-San Marcos","San Marcos","California","92096",1154,27,11,283,220,613
"985","University of Southern Colorado","Pueblo","Colorado","81001",1152,51,14,49,240,798
"1115","Yale University","New Haven","Connecticut","6520",1151,83,3,328,97,640
"632","Polytechnic University","Brooklyn","New York","11201",1150,142,2,470,139,397
"1041","Villa Julie College","Stevenson","Maryland","21153",1150,211,2,54,24,859
"705","Siena Heights College","Adrian","Michigan","49221",1148,106,12,28,36,966
"793","SUNY College at Geneseo","Geneseo","New York","14454",1148,13,1,81,21,1032
"874","University of Chicago","Chicago","Illinois","60637",1138,52,1,271,110,704
"699","Seton Hall University","South Orange","New Jersey","7079",1136,196,2,188,122,628
"825","Texas Southern University","Houston","Texas","77004",1135,966,1,99,52,17
"1095","Widener University, All Campuses","Chester","Pennsylvania","19013",1134,143,4,46,31,910
"1008","University of the Pacific","Stockton","California","95211",1130,18,3,597,139,373
"435","Lewis University","Romeoville","Illinois","60441",1129,85,2,82,107,853
"392","Jackson State University","Jackson","Mississippi","39217",1128,1048,1,3,8,68
"516","Mississippi University for Women","Columbus","Mississippi","39701",1126,286,2,6,7,825
"64","Belmont University","Nashville","Tennessee","37212",1124,44,4,36,26,1014
"1116","York College Pennsylvania","York","Pennsylvania","17403",1119,15,2,23,18,1061
"806","SUNY Institute of Technology at Utica/Rome","Utica","New York","13504",1118,86,3,35,25,969
"1012","University of Tulsa","Tulsa","Oklahoma","74104",1114,50,48,53,59,904
"186","College of West Virginia","Beckley","West Virginia","25802",1113,164,7,9,16,917
"494","Mercy College (Dobbs Ferry, NY)","","","",1109,286,4,134,220,465
"1007","University of the Incarnate Word","San Antonio","Texas","78209",1103,76,3,61,679,284
"125","Calvin College","Grand Rapids","Michigan","49506",1099,6,1,31,18,1043
"170","College Misericordia","Dallas","Pennsylvania","18612",1095,14,4,8,10,1059
"715","South Dakota School of Mines & Technology","Rapid City","South Dakota","57701",1089,6,23,15,16,1029
"557","Norfolk State University","Norfolk","Virginia","23504",1076,950,4,31,25,66
"230","Delaware Valley College","Doylestown","Pennsylvania","18901",1073,17,3,4,22,1027
"791","SUNY College at Cortland","Cortland","New York","13045",1073,33,6,16,49,969
"590","Ohio Northern University","Ada","Ohio","45810",1063,24,1,9,15,1014
"948","University of North Alabama","Florence","Alabama","35632",1055,89,17,9,15,925
"712","Sonoma State University","Rohnert Park","California","94928",1053,21,8,70,103,851
"179","College of St Catherine","Saint Paul","Minnesota","55105",1038,86,5,116,24,807
"181","College of St Francis","Joliet","Illinois","60435",1035,77,3,61,64,830
"529","Morgan State University","Baltimore","Maryland","21239",1031,920,3,54,25,29
"495","Mesa State College","Grand Junction","Colorado","81502",1030,6,11,21,77,915
"797","SUNY College at Plattsburgh","Plattsburgh","New York","12901",1023,57,5,35,34,892
"774","St Xavier University","Chicago","Illinois","60655",1022,162,6,65,122,667
"1054","Washburn University of Topeka","Topeka","Kansas","66621",1019,54,10,20,44,891
"1047","Wake Forest University","Winston-Salem","North Carolina","27109",1017,74,6,82,35,820
"947","University of New Orleans","New Orleans","Louisiana","70148",1016,121,2,125,91,677
"331","Hampton University","Hampton","Virginia","23668",1015,899,3,25,22,66
"691","Santa Clara University","Santa Clara","California","95053",1015,27,5,276,179,528
"668","Rockhurst College","Kansas City","Missouri","64110",1012,49,9,47,39,868
"346","Hofstra University","Hempstead","New York","11550",1006,100,3,74,91,738
"66","Bemidji State University","Bemidji","Minnesota","56601",1003,15,12,7,14,955
"155","Christopher Newport University","Newport News","Virginia","23606",1002,62,7,37,29,867
"85","Bowie State University","Bowie","Maryland","20715",1001,915,4,32,16,34
"737","Southwestern Oklahoma State University","Weatherford","Oklahoma","73096",997,60,46,33,43,815
"334","Harding University, All Campuses","Searcy","Arkansas","72143",996,26,2,12,23,933
"617","Parker College of Chiropractic","Dallas","Texas","75229",996,51,9,71,92,773
"296","Franklin University","Columbus","Ohio","43215",995,133,4,28,18,812
"1045","Viterbo College","La Crosse","Wisconsin","54601",994,17,4,17,11,945
"133","Carroll College (Waukesha, WI)","Waukesha","Wisconsin","53186",991,6,1,16,28,940
"138","Cedarville College","Cedarville","Ohio","45314",989,8,2,17,22,940
"949","University of North Carolina at Asheville","Asheville","North Carolina","28804",987,24,4,13,23,923
"122","California State University-Stanislaus","Turlock","California","95380",984,22,9,217,226,510
"9","Allegheny College","Meadville","Pennsylvania","16335",981,15,2,31,17,916
"732","Southern Utah University","Cedar City","Utah","84720",975,7,11,15,25,917
"350","Hope College","Holland","Michigan","49423",974,16,3,14,12,929
"397","Jersey City State College","Jersey City","New Jersey","7305",973,233,2,164,228,346
"187","College of William and Mary","Williamsburg","Virginia","23185",972,40,7,108,62,755
"219","D'Youville College","Buffalo","New York","14201",971,96,11,38,35,791
"982","University of South Dakota","Vermillion","South Dakota","57069",969,10,2,16,9,932
"885","University of Findlay","Findlay","Ohio","45840",968,11,2,5,15,935
"419","Lafayette College","Easton","Pennsylvania","18042",966,31,2,47,52,834
"845","Union University","Jackson","Tennessee","38305",955,129,2,15,7,802
"1019","University of Wisconsin-Green Bay","Green Bay","Wisconsin","54311",951,10,10,24,10,897
"60","Bellarmine College","Louisville","Kentucky","40205",949,26,4,26,29,864
"441","Logan College of Chiropractic","Chesterfield","Missouri","63006",948,29,2,20,17,880
"514","Mississippi College","Clinton","Mississippi","39058",945,184,5,28,9,719
"416","Kutztown University of Pennsylvania","Kutztown","Pennsylvania","19530",941,33,1,19,34,854
"552","New York Institute of Technology, Main Campus","Old Westbury","New York","11568",932,111,2,418,84,317
"890","University of Hawaii at Hilo","Hilo","Hawaii","96720",932,7,8,444,75,398
"491","Medical College of Georgia","Augusta","Georgia","30912",931,136,1,58,30,706
"1030","University of Wisconsin-Whitewater","Whitewater","Wisconsin","53190",927,17,4,10,21,875
"755","St John Fisher College","Rochester","New York","14618",910,36,4,26,18,826
"101","Butler University","Indianapolis","Indiana","46208",907,27,3,37,13,827
"795","SUNY College at Oneonta","Oneonta","New York","13820",903,25,2,17,40,819
"326","Gustavus Adolphus College","Saint Peter","Minnesota","56082",900,14,3,50,5,828
"1036","Utica College of Syracuse University","Utica","New York","13502",896,105,2,29,31,729
"292","Francis Marion University","Florence","South Carolina","29501",889,306,6,12,9,556
"518","Missouri Western State College","Saint Joseph","Missouri","64507",889,33,7,8,15,826
"479","Marymount University","Arlington","Virginia","22207",876,158,4,104,92,518
"567","Northeastern Illinois University","Chicago","Illinois","60625",874,51,5,211,136,471
"892","University of Houston-Clear Lake","Houston","Texas","77058",872,78,4,132,182,476
"657","Rhode Island College","Providence","Rhode Island","2908",871,93,2,29,37,710
"804","SUNY Health Science Center at Brooklyn","Brooklyn","New York","11203",871,333,1,108,56,373
"68","Benedictine University","Lisle","Illinois","60532",867,64,3,287,49,464
"817","Texas A&M University-Commerce","Commerce","Texas","75429",866,93,9,25,79,660
"1060","Waynesburg College","Waynesburg","Pennsylvania","15370",859,16,1,3,4,835
"110","California State University-Bakersfield","Bakersfield","California","93311",855,35,7,196,287,330
"1082","Western Oregon State College","Monmouth","Oregon","97361",853,17,11,33,62,730
"12","Alverno College","Milwaukee","Wisconsin","53215",850,67,7,48,78,650
"1103","Wilmington College (New Castle, DE)","New Castle","Delaware","19720",848,195,8,27,22,596
"621","Pennsylvania State U, Harrisburg-Capital Col","Middletown","Pennsylvania","17057",847,43,3,58,26,717
"550","New Mexico Institute of Mining and Technology","Socorro","New Mexico","87801",844,15,23,25,206,575
"525","Montana Tech of the University of Montana","Butte","Montana","59701",840,2,13,8,17,800
"612","Pacific Lutheran University","Tacoma","Washington","98447",839,19,7,57,41,715
"560","North Carolina Central University","Durham","North Carolina","27707",837,693,1,30,13,100
"517","Missouri Southern State College","Joplin","Missouri","64801",836,14,23,18,22,759
"953","University of North Carolina at Pembroke","Pembroke","North Carolina","28372",836,168,191,23,54,400
"743","Springfield College","Springfield","Massachusetts","1109",835,16,2,16,22,779
"697","Seattle Pacific University","Seattle","Washington","98119",834,29,8,82,22,693
"616","Park College (Parkville, MO)","","","",832,132,4,18,128,550
"127","Campbell University","Buies Creek","North Carolina","27506",831,163,11,22,28,607
"470","Marian College of Fond Du Lac","Fond Du Lac","Wisconsin","54935",826,24,7,16,17,762
"1113","Xavier University of Louisiana","New Orleans","Louisiana","70125",823,698,1,93,23,8
"38","Augustana College (Rock Island, IL)","Rock Island","Illinois","61201",822,7,2,36,25,752
"11","Alvernia College","Reading","Pennsylvania","19607",820,182,2,14,46,576
"790","SUNY College at Buffalo","Buffalo","New York","14222",820,81,3,23,48,665
"830","Thomas Edison State College","Trenton","New Jersey","8608",814,111,1,45,63,594
"914","University of Maryland Eastern Shore","Princess Anne","Maryland","21853",812,624,1,19,25,143
"319","Grambling State University","Grambling","Louisiana","71245",810,712,1,5,7,85
"1048","Walden University","Minneapolis","Minnesota","55401",810,163,6,22,36,583
"137","Cedar Crest College","Allentown","Pennsylvania","18104",808,44,4,26,51,683
"278","Fairmont State College","Fairmont","West Virginia","26554",806,12,2,5,11,776
"900","University of Indianapolis","Indianapolis","Indiana","46227",806,45,2,13,16,730
"454","Loyola Marymount University","Los Angeles","California","90045",799,40,3,155,188,413
"587","Oberlin College","Oberlin","Ohio","44074",798,34,1,69,36,658
"105","California Baptist College","Riverside","California","92504",789,52,7,58,129,543
"496","Messiah College","Grantham","Pennsylvania","17027",787,10,3,18,10,746
"596","Oklahoma City University","Oklahoma City","Oklahoma","73106",784,102,44,60,54,524
"253","East Central University","Ada","Oklahoma","74820",776,23,174,5,27,547
"978","University of South Carolina at Aiken","Aiken","South Carolina","29801",776,203,6,12,27,528
"751","St Francis College (Loretto, PA)","Loretto","Pennsylvania","15940",773,7,1,7,7,751
"485","McKendree College","Lebanon","Illinois","62254",771,52,5,11,17,686
"93","Bridgewater State College","Bridgewater","Massachusetts","2325",768,36,6,18,17,691
"233","DeVry Institute of Tech (Columbus, OH)","Columbus","Ohio","43209",768,92,3,21,13,639
"34","Auburn University at Montgomery","Montgomery","Alabama","36117",767,157,4,33,10,563
"752","St Francis Medical Center College of Nursing","Peoria","Illinois","61603",767,36,2,16,14,699
"218","Curry College","Milton","Massachusetts","2186",760,104,4,18,16,618
"909","University of Mary Hardin Baylor","Belton","Texas","76513",758,78,4,31,95,550
"178","College of St Benedict","Saint Joseph","Minnesota","56374",755,3,1,13,6,732
"991","University of Tampa","Tampa","Florida","33606",755,57,1,22,81,594
"40","Aurora University","Aurora","Illinois","60506",754,43,1,56,101,553
"853","University of AK Fairbanks, All Campuses","Fairbanks","Alaska","99775",752,3,36,27,18,668
"175","College of Notre Dame Maryland","Baltimore","Maryland","21210",748,209,3,24,11,501
"129","Capital University","Columbus","Ohio","43209",745,39,1,11,9,685
"248","Drury College","Springfield","Missouri","65802",744,24,5,26,12,677
"327","Gwynedd-Mercy College","Gwynedd Vly","Pennsylvania","19437",744,90,2,33,7,612
"492","Medical University of South Carolina","Charleston","South Carolina","29425",742,86,5,24,29,598
"220","Daemen College","Amherst","New York","14226",741,47,4,14,17,659
"538","Mount St Mary's College","Los Angeles","California","90049",740,37,4,308,185,206
"757","St Joseph's College, Main Campus","Brooklyn","New York","11205",740,295,7,51,61,326
"282","Fitchburg State College","Fitchburg","Massachusetts","1420",735,39,2,19,31,644
"1099","William Carey College","Hattiesburg","Mississippi","39401",734,213,1,15,15,490
"686","Samford University","Birmingham","Alabama","35229",733,47,1,13,13,659
"535","Mount Olive College","Mount Olive","North Carolina","28365",732,294,2,6,13,417
"444","Long Island University C W Post Campus","Greenvale","New York","11548",730,92,2,87,64,485
"366","Indiana University at South Bend","South Bend","Indiana","46615",728,55,2,16,30,625
"796","SUNY College at Oswego","Oswego","New York","13126",726,22,2,13,45,644
"973","University of San Diego","San Diego","California","92110",724,11,5,100,108,500
"226","David Lipscomb University","Nashville","Tennessee","37204",723,27,3,27,15,651
"547","New England Inst of Technology","Warwick","Rhode Island","2886",722,43,4,26,35,614
"365","Indiana University at Kokomo","Kokomo","Indiana","46902",718,56,2,11,9,640
"1097","Wilkes University","Wilkes-Barre","Pennsylvania","18766",718,8,2,26,8,674
"792","SUNY College at Fredonia","Fredonia","New York","14063",715,10,3,21,9,672
"630","Point Loma Nazarene College","San Diego","California","92106",713,18,7,60,84,544
"337","Harvey Mudd College","Claremont","California","91711",709,10,8,165,61,465
"665","Robert Morris College (Coraopolis, PA)","Coraopolis","Pennsylvania","15108",708,32,1,10,8,657
"190","Colorado College","Colorado Spg","Colorado","80903",707,8,7,50,40,602
"744","St Ambrose University","Davenport","Iowa","52803",706,7,4,10,30,655
"945","University of New Haven","West Haven","Connecticut","6516",706,41,4,28,51,582
"544","Nazareth College of Rochester","Rochester","New York","14618",704,40,2,19,22,621
"614","Pacific University","Forest Grove","Oregon","97116",704,8,6,195,30,465
"1050","Walsh University","Canton","Ohio","44720",702,16,4,8,7,667
"1087","Westminster College of Salt Lake City","Salt Lake City","Utah","84105",702,7,2,32,55,606
"477","Mary Washington College","Fredericksbg","Virginia","22401",701,17,2,56,28,598
"409","Keiser College of Technology","Ft Lauderdale","Florida","33319",700,242,1,15,138,304
"453","Loyola College","Baltimore","Maryland","21210",700,30,3,27,27,613
"539","Mount St Mary College (Newburgh, NY)","Newburgh","New York","12550",696,59,3,29,74,531
"104","CAD Institute Inc","Unknown City","Arizona","?????",694,31,4,34,50,575
"290","Fort Lewis College","Durango","Colorado","81301",692,6,135,4,43,504
"421","Lake Superior State University","Slt St Marie","Michigan","49783",687,5,26,4,5,647
"521","Monmouth University","W Long Branch","New Jersey","7764",687,38,1,40,42,566
"274","Emporia State University","Emporia","Kansas","66801",683,22,6,11,25,619
"169","Colgate University","Hamilton","New York","13346",682,7,2,47,40,586
"275","Fairfield University","Fairfield","Connecticut","6430",681,37,1,38,48,557
"893","University of Houston-Downtown","Houston","Texas","77002",681,126,2,141,238,174
"48","Baldwin-Wallace College","Berea","Ohio","44017",679,23,1,12,15,628
"265","Eckerd College","St Petersburg","Florida","33733",679,15,5,8,27,624
"466","Malone College","Canton","Ohio","44709",679,33,1,4,6,635
"776","State University of New York at New Platz","New Paltz","New York","12561",679,63,2,68,56,490
"719","Southeastern Oklahoma State University","Durant","Oklahoma","74701",678,25,222,11,17,403
"1114","Xavier University","Cincinnati","Ohio","45207",677,41,1,34,26,575
"39","Augustana College (Sioux Falls, SD)","Sioux Falls","South Dakota","57197",675,1,1,10,1,662
"1033","Ursuline College","Pepper Pike","Ohio","44124",675,130,1,19,9,516
"291","Framingham State College","Framingham","Massachusetts","1701",672,38,2,24,39,569
"638","Providence College","Providence","Rhode Island","2918",672,15,2,28,21,606
"457","Luther College","Decorah","Iowa","52101",666,4,3,12,9,638
"463","Macon College","Macon","Georgia","31297",666,200,3,19,16,428
"545","Nebraska Methodist Col Nursing & Allied Hlth","Omaha","Nebraska","68114",666,13,4,27,12,610
"882","University of Denver","Denver","Colorado","80208",665,12,6,75,40,532
"301","Gardner-Webb University","Boiling Spg","North Carolina","28017",664,79,3,7,14,561
"367","Indiana University Northwest","Gary","Indiana","46408",659,79,4,32,82,462
"505","Middlebury College","Middlebury","Vermont","5753",659,10,1,55,23,570
"701","Shenandoah University","Winchester","Virginia","22601",659,187,2,52,13,405
"894","University of Houston-Victoria","Victoria","Texas","77901",659,174,1,100,101,283
"36","Augsburg College","Minneapolis","Minnesota","55454",655,48,2,36,12,557
"413","Keuka College","Keuka Park","New York","14478",649,17,4,8,10,610
"910","University of Mary","Bismarck","North Dakota","58504",645,11,13,5,8,608
"1","Abilene Christian University","Abilene","Texas","79699",644,26,2,7,41,568
"722","Southern College of Seventh-Day Adventists","Collegedale","Tennessee","37315",644,57,4,68,87,428
"158","Clarkson College","Omaha","Nebraska","68131",641,27,3,7,17,587
"347","Holy Family College (Philadelphia, PA)","Philadelphia","Pennsylvania","19114",641,63,2,70,23,483
"471","Marian College","Indianapolis","Indiana","46222",639,76,3,9,16,535
"484","Massachusetts Maritime Academy","Buzzards Bay","Massachusetts","2532",637,5,2,11,8,611
"1075","Western Connecticut State University","Danbury","Connecticut","6810",636,46,1,37,42,510
"766","St Mary's University","San Antonio","Texas","78228",635,26,2,38,437,132
"642","Queens College","Charlotte","North Carolina","28274",633,121,4,32,27,449
"704","Siena College (Loudonville, NY)","Loudonville","New York","12211",630,18,2,47,19,544
"1062","Webster University","Saint Louis","Missouri","63119",629,85,1,18,9,516
"202","Concordia University-Wisconsin","Mequon","Wisconsin","53092",628,46,1,11,9,561
"270","Elizabethtown College","Elizabethtown","Pennsylvania","17022",625,8,1,21,5,590
"702","Shepherd College","Shepherdstown","West Virginia","25443",624,16,2,22,18,566
"1089","Wheaton College (Wheaton, IL)","Wheaton","Illinois","60187",621,10,3,44,22,542
"670","Roger Williams University","Bristol","Rhode Island","2809",617,13,1,10,19,574
"678","Rutgers the State Univ of NJ Camden Campus","Camden","New Jersey","8102",616,57,2,98,38,421
"277","Fairleigh Dickinson U, All Campuses","Teaneck","New Jersey","7666",614,125,1,143,100,245
"243","Dominican College of San Rafael","San Rafael","California","94901",611,33,7,270,85,216
"136","Catholic University of America","Washington","District of Columbia","20064",610,48,2,28,43,489
"52","Bartlesville Wesleyan College","Bartlesville","Oklahoma","74006",608,45,67,5,15,476
"677","Russell Sage College, All Campuses","Troy","New York","12180",605,48,3,25,14,515
"1049","Walla Walla College","College Place","Washington","99324",600,12,9,39,39,501
"439","Lindenwood College","Saint Charles","Missouri","63301",599,99,6,8,13,473
"481","Marywood College","Scranton","Pennsylvania","18509",598,5,2,22,14,555
"1102","Williams College","Williamstown","Massachusetts","1267",598,28,2,86,56,426
"31","Ashland University","Ashland","Ohio","44805",597,19,5,6,5,562
"280","Felician College","Lodi","New Jersey","7644",597,121,3,113,91,269
"608","Otterbein College","Westerville","Ohio","43081",597,28,2,11,6,550
"268","Edgewood College","Madison","Wisconsin","53711",596,10,1,13,14,558
"369","Indiana University Southeast","New Albany","Indiana","47150",595,26,3,13,13,540
"503","Mid-America Nazarene College","Olathe","Kansas","66061",592,106,3,19,18,446
"17","Andrews University","Berrien Spg","Michigan","49104",591,148,2,105,60,276
"759","St Lawrence University","Canton","New York","13617",591,11,2,13,18,547
"534","Mount Mercy College","Cedar Rapids","Iowa","52402",590,7,1,8,8,566
"1063","Wellesley College","Wellesley","Massachusetts","2181",587,18,2,207,36,324
"427","Le Moyne College","Syracuse","New York","13214",585,15,2,14,13,541
"741","Spring Arbor College","Spring Arbor","Michigan","49283",584,25,1,6,8,544
"260","Eastern Mennonite University","Harrisonburg","Virginia","22801",577,22,2,5,12,536
"433","Lewis-Clark State College","Lewiston","Idaho","83501",577,5,5,8,22,537
"130","Carlow College","Pittsburgh","Pennsylvania","15213",575,42,4,9,6,514
"167","Colby College","Waterville","Maine","4901",573,6,1,40,17,509
"653","Regis College (Weston, MA)","","","",573,66,1,40,37,429
"588","Occidental College","Los Angeles","California","90041",569,19,6,117,78,349
"195","Columbia College (Chicago, IL)","Chicago","Illinois","60605",568,38,1,14,52,463
"322","Grand View College","Des Moines","Iowa","50316",565,28,2,29,13,493
"713","South College (Savannah, GA)","Savannah","Georgia","31406",564,121,4,10,27,402
"968","University of Puget Sound","Tacoma","Washington","98416",564,10,12,82,19,441
"847","United States Coast Guard Academy","New London","Connecticut","6320",560,14,3,22,39,482
"168","Coleman College","La Mesa","California","92042",559,53,2,93,95,316
"257","Eastern Connecticut State University","Willimantic","Connecticut","6226",558,22,5,18,33,480
"819","Texas A&M University at Galveston","Galveston","Texas","77553",557,14,7,11,67,458
"288","Fordham University (Bronx, NY)","","","",556,31,2,62,87,374
"47","Baker University","Baldwin City","Kansas","66006",555,37,9,11,12,486
"213","Cumberland University","Lebanon","Tennessee","37087",555,44,3,12,8,488
"473","Marist College","Poughkeepsie","New York","12601",554,12,1,20,29,492
"1040","Vassar College","Poughkeepsie","New York","12601",552,26,1,71,40,414
"1073","Westark Community College","Fort Smith","Arkansas","72913",552,16,22,49,21,444
"77","Biola University","La Mirada","California","90639",551,10,6,86,64,385
"633","Pomona College","Claremont","California","91711",549,22,3,122,63,339
"424","Lander University","Greenwood","South Carolina","29649",546,99,1,7,4,435
"1080","Western New England College","Springfield","Massachusetts","1119",546,14,1,22,9,500
"459","Lynchburg College","Lynchburg","Virginia","24501",545,37,3,9,9,487
"89","Brenau University","Gainesville","Georgia","30501",544,135,1,18,23,367
"1068","West Suburban College of Nursing","Oak Park","Illinois","60302",544,61,1,127,60,295
"583","Norwich University","Northfield","Vermont","5663",542,5,1,14,18,504
"1032","Upper Iowa University","Fayette","Iowa","52142",541,39,2,14,7,479
"428","Le Tourneau University","Longview","Texas","75607",539,7,1,4,10,517
"429","Lebanon Valley College","Annville","Pennsylvania","17003",539,4,2,12,8,513
"452","Lourdes College","Sylvania","Ohio","43560",537,38,3,3,19,474
"805","SUNY Health Science Center at Syracuse","Syracuse","New York","13210",537,40,2,26,14,455
"132","Carroll College (Helena, MT)","Helena","Montana","59625",536,1,1,5,11,518
"1107","Winthrop University","Rock Hill","South Carolina","29733",533,146,3,17,6,361
"694","Savannah State University","Savannah","Georgia","31404",531,501,1,5,6,18
"1093","Whitworth College","Spokane","Washington","99251",531,10,5,20,15,481
"140","Central College (Pella, IA)","Pella","Iowa","50219",530,8,1,7,10,504
"235","DeVry Institute of Tech (Decatur, GA)","Decatur","Georgia","30030",529,281,2,38,15,193
"353","Husson College","Bangor","Maine","4401",528,8,3,6,4,507
"839","Trinity University","San Antonio","Texas","78212",528,13,3,59,66,387
"456","Lubbock Christian University","Lubbock","Texas","79407",524,36,2,7,79,400
"156","Citadel Military College of South Carolina","Charleston","South Carolina","29409",523,31,2,16,23,451
"898","University of Illinois at Springfield","Springfield","Illinois","62794",523,33,6,38,9,437
"445","Longwood College","Farmville","Virginia","23901",522,23,6,12,9,472
"666","Roberts Wesleyan College","Rochester","New York","14624",522,49,1,6,15,451
"709","Skidmore College","Saratoga Spring","New York","12866",522,12,4,46,25,435
"174","College of New Rochelle","New Rochelle","New York","10805",521,299,2,53,88,79
"294","Franklin and Marshall College","Lancaster","Pennsylvania","17604",520,8,2,33,25,452
"425","Langston University","Langston","Oklahoma","73050",518,325,20,10,9,154
"969","University of Redlands","Redlands","California","92373",513,9,3,33,87,381
"531","Mount Holyoke College","South Hadley","Massachusetts","1075",512,25,3,80,36,368
"57","Beaver College","Glenside","Pennsylvania","19038",511,36,1,34,18,422
"279","Fayetteville State University","Fayetteville","North Carolina","28301",511,323,6,13,41,128
"564","North Georgia College","Dahlonega","Georgia","30597",510,26,2,10,14,458
"469","Mansfield University of Pennsylvania","Mansfield","Pennsylvania","16933",508,24,1,10,7,466
"663","Rivier College","Nashua","New Hampshire","3060",508,12,4,12,13,467
"565","North Park College and Theological Seminary","Chicago","Illinois","60625",507,33,2,85,50,337
"746","St Anselm College","Manchester","New Hampshire","3102",507,3,1,9,5,489
"753","St John's University (Collegeville, MN)","Collegeville","Minnesota","56321",507,8,1,16,7,475
"656","Research College of Nursing","Kansas City","Missouri","64132",505,28,10,20,13,434
"328","Hamilton College","Clinton","New York","13323",500,8,3,45,14,430
"462","Macalester College","Saint Paul","Minnesota","55105",500,12,2,45,17,424
"231","Denison University","Granville","Ohio","43023",499,26,1,18,8,446
"236","DeVry Institute of Tech (Irving, TX)","Irving","Texas","75038",499,104,3,47,128,217
"1109","Wofford College","Spartanburg","South Carolina","29303",498,19,3,32,5,439
"641","Purdue University, North Central Campus","Westville","Indiana","46391",497,17,5,7,22,446
"1000","University of Texas at Permian Basin","Odessa","Texas","79762",494,21,3,16,195,259
"173","College of Mount St Joseph","Mt St Joseph","Ohio","45051",493,14,1,1,3,474
"106","California Lutheran University","Thousand Oaks","California","91360",492,17,3,42,92,338
"239","DeVry Institute of Tech (Phoenix, AZ)","Phoenix","Arizona","85021",492,27,17,54,76,318
"325","Guilford College","Greensboro","North Carolina","27410",492,73,3,10,16,390
"1066","Wesleyan University","Middletown","Connecticut","6457",492,32,2,63,38,357
"510","Millikin University","Decatur","Illinois","62522",491,19,2,8,10,452
"318","Graceland College","Lamoni","Iowa","50140",490,14,2,7,19,448
"293","Franciscan University of Steubenville","Steubenville","Ohio","43952",489,4,4,9,25,447
"465","Maine Maritime Academy","Castine","Maine","4420",488,2,3,1,3,479
"807","SUNY Maritime College","Bronx","New York","10465",488,21,1,30,45,391
"358","Illinois Wesleyan University","Bloomington","Illinois","61702",485,19,3,34,14,415
"798","SUNY College at Potsdam","Potsdam","New York","13676",484,13,6,7,9,449
"221","Dakota State University","Madison","South Dakota","57042",483,7,7,11,6,452
"184","College of the Holy Cross","Worcester","Massachusetts","1610",481,9,1,47,27,397
"1053","Wartburg College","Waverly","Iowa","50677",481,6,2,3,4,466
"711","Smith College","Northampton","Massachusetts","1063",479,40,2,104,40,293
"764","St Mary's College of Maryland","St Marys Cy","Maryland","20686",475,19,1,23,16,416
"929","University of Minnesota, All Campuses","Minneapolis","Minnesota","55455",475,7,2,1,6,459
"848","United States Merchant Marine Academy","Kings Point","New York","11024",473,8,2,21,20,422
"54","Bates College","Lewiston","Maine","4240",471,1,1,31,15,423
"71","Berry College","Rome","Georgia","30149",471,20,1,12,11,427
"1024","University of Wisconsin-Parkside","Kenosha","Wisconsin","53141",465,13,4,33,20,395
"803","SUNY Empire State College","Saratoga Spg","New York","12866",462,33,6,14,25,384
"449","Louisiana State Univ in Shreveport","Shreveport","Louisiana","71115",461,94,1,7,29,330
"1091","Whitman College","Walla Walla","Washington","99362",460,4,2,52,22,380
"7","Albion College","Albion","Michigan","49224",458,8,2,19,7,422
"13","American International College","Springfield","Massachusetts","1109",452,81,2,22,41,306
"1083","Western State College Colorado","Gunnison","Colorado","81231",452,6,4,4,14,424
"76","Bethune Cookman College","Daytona Beach","Florida","32115",451,393,1,18,9,30
"380","ITT Technical Institute (Indianapolis, IN)","Indianapolis","Indiana","46268",451,74,1,8,31,337
"971","University of Richmond","Richmond","Virginia","23173",451,33,1,32,11,374
"513","Minot State University","Minot","North Dakota","58701",450,8,18,11,14,399
"180","College of St Elizabeth","Convent Sta","New Jersey","7961",449,66,1,48,77,257
"414","King's College (Wilkes-Barre, PA)","Wilkes-Barre","Pennsylvania","18711",446,6,1,5,10,424
"70","Berklee College of Music","Boston","Massachusetts","2215",443,23,4,33,59,324
"262","Eastern New Mexico U, All Campuses","Portales","New Mexico","88130",442,14,6,12,122,288
"50","Barnard College","New York","New York","10027",439,16,1,136,33,253
"123","California State University System Office","Berkeley","California","94720",438,13,1,40,110,274
"309","Georgia Southwestern State University","Americus","Georgia","31709",438,109,2,13,4,310
"208","Cooper Union","New York","New York","10003",437,11,1,158,29,238
"25","Art Institute of Atlanta","Atlanta","Georgia","30326",436,187,1,19,43,186
"150","Chapman University","Orange","California","92666",436,20,1,68,66,281
"32","Athens State College","Athens","Alabama","35611",435,23,7,5,6,394
"756","St Joseph's College (Rensselaer, IN)","Rensselaer","Indiana","47978",431,16,1,5,11,398
"149","Champlain College","Burlington","Vermont","5401",429,6,1,10,15,397
"736","Southwestern College (Winfield, KS)","Winfield","Kansas","67156",429,32,4,15,29,349
"728","Southern Oregon State College","Ashland","Oregon","97520",428,6,8,10,11,393
"44","Avila College","Kansas City","Missouri","64145",426,43,2,7,19,355
"597","Oklahoma Panhandle State University","Goodwell","Oklahoma","73939",426,17,29,1,32,347
"809","Swarthmore College","Swarthmore","Pennsylvania","19081",426,27,4,108,35,252
"286","Florida Southern College","Lakeland","Florida","33801",425,30,4,15,27,349
"340","Hendrix College","Conway","Arkansas","72032",425,18,4,26,13,364
"1006","University of the District of Columbia","Washington","District of Columbia","20008",424,322,1,39,22,40
"658","Rhodes College","Memphis","Tennessee","38112",423,26,3,48,15,331
"727","Southern Nazarene University","Bethany","Oklahoma","73008",422,33,23,20,19,327
"749","St Edward's University","Austin","Texas","78704",422,16,4,28,146,228
"62","Bellin College of Nursing","Green Bay","Wisconsin","54305",420,2,1,13,4,400
"733","Southwest Baptist University","Bolivar","Missouri","65613",415,10,4,5,1,395
"302","George Fox College","Newberg","Oregon","97132",414,5,8,27,15,359
"405","Kansas Newman College","Wichita","Kansas","67213",414,12,3,32,31,336
"206","Connecticut College","New London","Connecticut","6320",412,17,1,26,24,344
"242","Dixie College","Saint George","Utah","84770",412,1,2,5,9,395
"10","Alma College","Alma","Michigan","48801",411,3,1,6,12,389
"154","Christian Brothers University","Memphis","Tennessee","38104",411,81,1,40,11,278
"851","Unity College","Unity","Maine","4988",410,6,2,3,5,394
"620","Pennsylvania State U, Altoona Campus","Altoona","Pennsylvania","16601",409,7,2,4,10,386
"1100","William Jewell College","Liberty","Missouri","64068",408,14,2,22,10,360
"272","Emmanuel College (Boston, MA)","Boston","Massachusetts","2115",406,46,4,27,13,316
"333","Hardin-Simmons University","Abilene","Texas","79698",406,12,5,6,38,345
"773","St Vincent College and Seminary","Latrobe","Pennsylvania","15650",404,5,1,5,5,388
"1098","Willamette University","Salem","Oregon","97301",404,7,2,55,19,321
"128","Canisius College","Buffalo","New York","14208",403,8,3,13,6,373
"188","College of Wooster","Wooster","Ohio","44691",403,14,4,16,6,363
"55","Baylor College of Dentistry","Dallas","Texas","75246",402,9,1,27,32,333
"404","Kalamazoo College","Kalamazoo","Michigan","49007",400,18,2,34,14,332
"432","Lenoir-Rhyne College","Hickory","North Carolina","28603",400,16,1,18,7,358
"1058","Wayne State College","Wayne","Nebraska","68787",399,5,1,3,7,383
"344","High Point University","High Point","North Carolina","27262",398,38,1,12,11,336
"927","University of Minnesota - Morris","Morris","Minnesota","56267",398,2,24,9,7,356
"151","Charleston Southern University","Charleston","South Carolina","29411",397,89,1,12,11,284
"316","Goshen College","Goshen","Indiana","46526",397,10,1,5,20,361
"1070","West Virginia University Institute of Technology","Montgomery","West Virginia","25136",396,22,1,7,5,361
"824","Texas Lutheran University","Seguin","Texas","78155",394,43,1,6,83,261
"1085","Westfield State College","Westfield","Massachusetts","1086",394,13,1,11,12,357
"15","Amherst College","Amherst","Massachusetts","1002",393,32,1,87,33,240
"595","Oklahoma Christian University of Science/Arts","Oklahoma City","Oklahoma","73136",393,13,16,16,7,341
"629","Plymouth State College","Plymouth","New Hampshire","3264",390,2,2,1,7,378
"338","Haverford College","Haverford","Pennsylvania","19041",389,23,2,45,21,298
"324","Grinnell College","Grinnell","Iowa","50112",388,8,2,35,22,321
"177","College of Our Lady of the Elms","Chicopee","Massachusetts","1013",387,19,2,12,40,314
"73","Bethel College (Mishawaka, IN)","Mishawaka","Indiana","46545",385,12,1,4,12,356
"768","St Michael's College","Colchester","Vermont","5439",385,1,2,6,7,369
"626","Philadelphia College of Textiles and Science","Philadelphia","Pennsylvania","19144",384,72,2,23,26,261
"472","Marietta College","Marietta","Ohio","45750",383,8,3,9,9,354
"37","Augusta State University","Augusta","Georgia","30910",381,80,2,24,13,262
"546","Neumann College","Aston","Pennsylvania","19014",381,57,1,5,13,305
"1108","Wittenberg University","Springfield","Ohio","45501",380,7,1,10,2,360
"1088","Westmont College","Santa Barbara","California","93108",379,11,11,56,45,256
"1090","Wheeling Jesuit University","Wheeling","West Virginia","26003",378,10,1,8,5,354
"610","Our Lady of the Lake College","Baton Rouge","Louisiana","70808",377,90,4,24,10,249
"707","Simpson College (Indianola, IA)","Indianola","Iowa","50125",377,3,2,9,5,358
"816","Tennessee Wesleyan College","Athens","Tennessee","37303",376,9,1,7,2,357
"771","St Peter's College","Jersey City","New Jersey","7306",370,88,1,53,84,144
"237","DeVry Institute of Tech (Kansas City, MO)","Kansas City","Missouri","64131",369,24,6,14,12,313
"422","Lakeland College","Sheboygan","Wisconsin","53082",366,10,5,24,5,322
"673","Roosevelt University","Chicago","Illinois","60605",365,40,1,66,51,207
"437","Limestone College","Gaffney","South Carolina","29340",362,135,1,3,8,215
"69","Berea College","Berea","Kentucky","40404",357,57,3,7,10,280
"593","Ohio Wesleyan University","Delaware","Ohio","43015",357,9,1,9,1,337
"739","Spalding University","Louisville","Kentucky","40203",353,49,1,10,5,288
"631","Point Park College","Pittsburgh","Pennsylvania","15222",350,50,1,4,3,292
"227","Davidson College","Davidson","North Carolina","28036",349,12,1,27,16,293
"345","Hobart William Smith Colleges","Geneva","New York","14456",349,5,1,21,10,312
"780","Stetson University","Deland","Florida","32720",349,14,1,12,35,287
"91","Briar Cliff College","Sioux City","Iowa","51104",348,10,4,5,17,312
"762","St Martin's College","Olympia","Washington","98503",346,12,7,42,16,269
"836","Trinity College (Hartford, CT)","Hartford","Connecticut","6106",346,29,1,37,26,253
"1072","West Virginia Wesleyan College","Buckhannon","West Virginia","26201",346,6,1,4,11,324
"783","Sul Ross State University (Alpine, TX)","","","",345,10,3,3,119,210
"533","Mount Mary College","Milwaukee","Wisconsin","53222",341,24,2,19,17,279
"594","Oklahoma Baptist University","Shawnee","Oklahoma","74801",338,16,23,6,11,282
"153","Chatham College","Pittsburgh","Pennsylvania","15232",337,24,1,5,7,300
"662","Rider University","Lawrenceville","New Jersey","8648",336,24,2,20,21,269
"241","Dickinson State University","Dickinson","North Dakota","58601",335,10,7,6,7,305
"1009","University of the South","Sewanee","Tennessee","37375",335,15,3,10,12,295
"240","DeVry Institute of Technology (Unknown City, NJ)","Unknown City","New Jersey","?????",333,45,2,29,67,190
"126","Cameron University","Lawton","Oklahoma","73505",331,27,19,16,23,246
"615","Palm Beach Atlantic College","W Palm Beach","Florida","33402",330,18,3,18,37,254
"16","Anderson University","Anderson","Indiana","46012",329,12,1,2,6,308
"78","Birmingham Southern College","Birmingham","Alabama","35254",329,19,4,15,7,284
"81","Bluefield State College","Bluefield","West Virginia","24701",329,13,2,4,3,307
"209","Cornell College","Mount Vernon","Iowa","52314",329,10,4,11,14,290
"349","Hood College","Frederick","Maryland","21701",329,24,1,16,14,274
"714","South College (West Palm Beach, FL)","West Palm Beach","Florida","33409",329,150,1,13,52,113
"196","Columbia College (Columbia, MO)","Columbia","Missouri","65216",326,24,1,7,13,281
"542","National College","Rapid City","South Dakota","57701",326,38,8,9,21,250
"623","Pepperdine University (Malibu, CA)","","","",324,19,3,42,31,229
"720","Southern Arkansas University, All Campuses","Magnolia","Arkansas","71753",324,44,3,2,10,265
"884","University of Dubuque","Dubuque","Iowa","52001",324,27,5,10,6,276
"664","Roanoke College","Salem","Virginia","24153",322,9,1,4,4,304
"335","Hartwick College","Oneonta","New York","13820",319,15,2,12,15,275
"603","Oral Roberts University","Tulsa","Oklahoma","74171",319,39,9,19,20,232
"14","American University","Washington","District of Columbia","20016",318,19,1,37,15,246
"651","Reed College","Portland","Oregon","97202",318,7,6,40,15,250
"438","Lincoln University (Jefferson City, MO)","Jefferson City","Missouri","65102",314,89,3,8,5,209
"672","Rollins College","Winter Park","Florida","32789",314,13,2,22,34,243
"765","St Mary's University of Minnesota","Winona","Minnesota","55987",314,44,1,7,5,257
"374","Iona College","New Rochelle","New York","10801",312,16,1,11,43,241
"609","Our Lady of Holy Cross College","New Orleans","Louisiana","70131",312,47,3,15,15,232
"182","College of St Mary","Omaha","Nebraska","68124",311,16,3,5,17,270
"185","College of the Ozarks","Point Lookout","Missouri","65726",311,3,1,1,5,301
"295","Franklin Pierce College","Rindge","New Hampshire","3461",309,6,2,1,9,291
"750","St Francis College (Brooklyn, NY)","Brooklyn","New York","11201",306,98,2,23,53,130
"204","Concordia University (Portland, OR)","Portland","Oregon","97211",305,13,3,24,15,250
"541","Muskingum College","New Concord","Ohio","43762",304,5,2,5,4,288
"674","Rosary College","River Forest","Illinois","60305",304,18,1,22,53,210
"92","Bridgewater College","Bridgewater","Virginia","22812",302,26,3,3,8,262
"906","University of Maine at Farmington","Farmington","Maine","4938",302,2,13,6,3,278
"767","St Mary College","Leavenworth","Kansas","66048",301,17,2,8,22,252
"165","Coe College","Cedar Rapids","Iowa","52402",299,4,1,3,3,288
"298","Friends University","Wichita","Kansas","67213",299,21,7,4,8,259
"426","Lawrence University","Appleton","Wisconsin","54912",299,7,2,7,5,278
"434","Lewis and Clark College","Portland","Oregon","97219",297,4,1,33,16,243
"613","Pacific Union College","Angwin","California","94508",297,12,1,131,43,110
"738","Southwestern University","Georgetown","Texas","78626",297,7,3,18,47,222
"575","Northland College","Ashland","Wisconsin","54806",296,2,2,4,7,281
"799","SUNY College of Agriculture & Tech Morrisville","Morrisville","New York","13408",296,18,3,1,10,264
"147","Chadron State College","Chadron","Nebraska","69337",295,3,1,2,9,280
"835","Transylvania University","Lexington","Kentucky","40508",294,6,1,8,4,275
"1055","Washington College","Chestertown","Maryland","21620",294,10,1,2,5,276
"2","Adams State College","Alamosa","Colorado","81102",291,12,7,5,59,208
"907","University of Maine at Fort Kent","Fort Kent","Maine","4743",291,1,3,1,2,284
"555","Niagara University","Niagara Falls","New York","14109",290,17,2,4,9,258
"222","Dallas Baptist University","Dallas","Texas","75211",289,57,3,15,29,185
"98","Bryant College","Smithfield","Rhode Island","2917",288,7,1,7,4,269
"135","Castleton State College","Castleton","Vermont","5735",287,2,2,3,7,273
"142","Central Methodist College","Fayette","Missouri","65248",287,4,2,4,6,271
"203","Concordia University (Irvine, CA)","Irvine","California","92715",287,8,1,56,34,188
"781","Stevens Henager College of Business","Ogden","Utah","84401",287,1,1,5,17,263
"1065","Wesley College (Dover, DE)","Dover","Delaware","19901",287,55,1,5,5,221
"212","Cumberland College","Williamsburg","Kentucky","40769",286,7,2,5,3,269
"577","Northwest Nazarene College","Nampa","Idaho","83686",284,4,1,8,15,256
"430","Lee College (Cleveland, TN)","Cleveland","Tennessee","37311",277,15,3,14,15,230
"59","Belhaven College","Jackson","Mississippi","39202",276,147,1,1,6,121
"440","Linfield College (McMinnville, OR)","","","",276,1,2,25,13,235
"412","Kenyon College","Gambier","Ohio","43022",274,10,2,20,10,232
"671","Rogers State College","Claremore","Oklahoma","74017",272,6,34,4,9,219
"844","Union College (Lincoln, NE)","Lincoln","Nebraska","68506",271,6,3,8,25,229
"396","Jamestown College","Jamestown","North Dakota","58401",265,2,1,4,1,257
"41","Austin College","Sherman","Texas","75090",263,2,1,65,19,176
"381","ITT Technical Institute (La Mesa, CA)","La Mesa","California","92041",263,36,1,44,77,105
"8","Alderson Broaddus College","Philippi","West Virginia","26416",261,2,2,5,1,251
"700","Seton Hill College","Greensburg","Pennsylvania","15601",261,11,1,3,4,242
"99","Bryn Mawr College","Bryn Mawr","Pennsylvania","19010",260,18,1,66,19,156
"139","Centenary College of Louisiana","Shreveport","Louisiana","71134",260,12,1,14,10,223
"721","Southern California College","Costa Mesa","California","92626",260,4,1,27,47,181
"407","Kansas Wesleyan University","Salina","Kansas","67401",259,10,1,7,20,221
"447","Louisiana College","Pineville","Louisiana","71359",259,31,2,12,1,213
"769","St Norbert College","De Pere","Wisconsin","54115",257,4,1,3,3,246
"742","Spring Hill College","Mobile","Alabama","36608",256,32,3,4,11,206
"636","Presbyterian College","Clinton","South Carolina","29325",254,6,2,1,8,237
"246","Drew University","Madison","New Jersey","7940",253,19,1,32,30,171
"79","Blessing Rieman College of Nursing","Quincy","Illinois","62301",252,12,1,8,4,227
"343","Herzing College of Technology","Madison","Wisconsin","53704",252,36,1,11,5,199
"166","Colby-Sawyer College","New London","New Hampshire","3257",251,4,4,1,2,240
"818","Texas A&M University-Texarkana","Texarkana","Texas","75505",251,29,5,5,11,201
"888","University of Great Falls","Great Falls","Montana","59405",250,7,5,11,13,214
"1010","University of the Virgin Islands","Saint Thomas","Virgin Islands","802",247,211,1,3,12,20
"937","University of Montevallo","Montevallo","Alabama","35115",246,29,1,4,4,208
"30","Art Institute of Pittsburgh","Pittsburgh","Pennsylvania","15222",245,25,2,7,12,199
"1057","Wayland Baptist University","Plainview","Texas","79072",245,39,3,11,59,133
"460","Lyndon State College","Lyndonville","Vermont","5851",244,6,1,4,4,229
"355","Illinois College","Jacksonville","Illinois","62650",243,6,2,1,8,226
"386","ITT Technical Institute (Tampa, FL)","Tampa","Florida","33634",243,44,2,12,53,132
"579","Northwestern College (St Paul, MN)","St Paul","Minnesota","55113",243,6,2,6,5,224
"643","Quincy University","Quincy","Illinois","62301",242,13,1,5,8,215
"332","Hanover College","Hanover","Indiana","47243",241,2,1,5,3,230
"647","Randolph-Macon College","Ashland","Virginia","23005",240,23,3,9,5,200
"65","Beloit College","Beloit","Wisconsin","53511",239,8,1,9,12,209
"532","Mount Marty College","Yankton","South Dakota","57078",239,2,3,1,3,230
"832","Thomas More College","Crestview Hls","Kentucky","41017",237,5,1,1,3,227
"467","Manchester College","N Manchester","Indiana","46962",236,5,3,3,10,215
"580","Northwestern Oklahoma State University","Alva","Oklahoma","73717",236,2,7,3,6,218
"330","Hampshire College","Amherst","Massachusetts","1002",235,7,2,4,15,207
"506","Midland Lutheran College","Fremont","Nebraska","68025",235,13,1,4,5,212
"607","Ottawa University","Ottawa","Kansas","66067",235,26,6,5,17,181
"801","SUNY College of Technology at Canton","Canton","New York","13617",235,33,1,7,8,186
"251","Earlham College","Richmond","Indiana","47374",234,19,2,5,8,200
"486","McMurry University","Abilene","Texas","79697",232,20,2,2,40,168
"198","Columbia Junior College","Columbia","South Carolina","29203",231,152,14,10,4,51
"562","North Carolina Wesleyan College","Rocky Mount","North Carolina","27804",228,104,2,9,5,108
"107","California Maritime Academy","Vallejo","California","94590",227,5,2,40,21,159
"269","Edison Community College","Fort Myers","Florida","33906",227,49,1,5,22,150
"862","University of Bridgeport (Bridgeport, CT)","","","",226,25,2,32,24,143
"388","ITT Technical Institute (Unknown City, CA)","Unknown City","California","?????",221,26,1,12,99,83
"763","St Mary's College of California","Moraga","California","94575",221,7,4,37,36,137
"360","Indiana Institute of Technology","Fort Wayne","Indiana","46803",220,11,2,3,4,200
"420","Lake Forest College","Lake Forest","Illinois","60045",220,8,2,15,13,182
"398","John Bastyr College of Naturopathic Medicine","Seattle","Washington","98105",218,5,3,21,13,176
"537","Mount St Mary's College and Seminary","Emmitsburg","Maryland","21727",218,18,1,10,17,172
"808","SUNY Purchase College","Purchase","New York","10577",218,21,1,19,31,146
"194","Colorado Tech","Colorado Spg","Colorado","80907",216,11,1,11,19,174
"376","Iowa Wesleyan College","Mt Pleasant","Iowa","52641",216,23,1,3,17,172
"490","Medcenter One College of Nursing","Bismarck","North Dakota","58501",214,5,1,2,2,204
"669","Rocky Mountain College","Billings","Montana","59102",214,1,15,2,6,190
"794","SUNY College at Old Westbury","Old Westbury","New York","11568",213,71,2,46,37,57
"373","International Fine Arts College","Miami","Florida","33132",212,33,1,11,85,82
"417","La Roche College","Pittsburgh","Pennsylvania","15237",210,5,1,1,4,199
"4","Adrian College","Adrian","Michigan","49221",208,3,1,1,5,198
"489","Medaille College","Buffalo","New York","14214",204,6,4,5,2,187
"696","Schreiner College","Kerrville","Texas","78028",204,6,1,1,70,126
"29","Art Institute of Philadelphia","Philadelphia","Pennsylvania","19103",203,35,1,8,27,132
"67","Benedictine College","Atchison","Kansas","66002",203,2,2,3,17,179
"232","Denver Institute of Technology","Denver","Colorado","80221",200,9,2,13,21,155
"695","School of Visual Arts","New York","New York","10010",200,5,1,61,33,100
"458","Lycoming College","Williamsport","Pennsylvania","17701",198,6,1,1,2,188
"446","Louise Salinger Academy of Fashion","San Francisco","California","94105",194,18,1,39,56,80
"384","ITT Technical Institute (Seattle, WA; FICE=8443)","Seattle","Washington","98168",192,16,4,23,11,138
"558","North Adams State College","North Adams","Massachusetts","1247",192,6,1,2,4,179
"297","Fresno Pacific College","Fresno","California","93702",191,13,4,18,42,114
"837","Trinity College (Washington, DC)","Washington","District of Columbia","20017",191,148,1,7,18,17
"383","ITT Technical Institute (Scl, UT)","Scl","Utah","84123",190,6,3,7,11,163
"53","Barton College","Wilson","North Carolina","27893",189,23,1,3,4,158
"276","Fairleigh Dickinson U Madison Campus","Madison","New Jersey","7940",188,16,1,17,15,139
"1046","Wabash College","Crawfordsvl","Indiana","47933",188,6,1,4,8,169
"1086","Westminster College (Fulton, MO)","Fulton","Missouri","65251",187,7,4,4,2,170
"103","Cabrini College","Radnor","Pennsylvania","19087",186,8,2,6,8,162
"488","McPherson College","Mcpherson","Kansas","67460",185,3,2,1,14,165
"1029","University of Wisconsin-Superior","Superior","Wisconsin","54880",185,1,3,2,1,178
"201","Concordia College (Bronxville, NY)","Bronxville","New York","10708",184,32,3,9,27,113
"28","Art Institute of Houston","Houston","Texas","?????",183,29,1,21,56,76
"20","Aquinas College (Grand Rapids, MI)","Grand Rapids","Michigan","49506",180,2,1,2,7,168
"389","ITT Technical Institute (Unknown City, NM)","Unknown City","New Mexico","?????",180,8,48,2,74,48
"703","Shorter College (Rome, GA)","Rome","Georgia","30161",179,14,1,8,6,150
"520","Monmouth College","Monmouth","Illinois","61462",178,6,1,1,10,160
"205","Concordia University at Austin","Austin","Texas","78705",177,19,2,8,38,110
"624","Pfeiffer University","Misenheimer","North Carolina","28109",176,34,1,2,5,134
"554","Newberry College","Newberry","South Carolina","29108",175,22,1,2,2,148
"399","John Brown University","Siloam Spg","Arkansas","72761",174,1,3,4,4,162
"263","Eastern Oregon State College","La Grande","Oregon","97850",172,2,4,12,4,150
"497","Methodist College","Fayetteville","North Carolina","28311",172,18,5,2,12,135
"385","ITT Technical Institute (St Louis, MO)","St Louis","Missouri","63108",169,41,1,6,2,119
"323","Green Mountain College","Poultney","Vermont","5764",168,5,2,3,5,153
"810","Sweet Briar College","Sweet Briar","Virginia","24595",168,3,2,1,10,152
"1104","Wingate University","Wingate","North Carolina","28174",168,7,1,7,5,148
"402","Johnson State College","Johnson","Vermont","5656",166,2,3,3,4,154
"299","Gallaudet University","Washington","District of Columbia","20002",164,11,4,16,11,122
"378","ITT Technical Institute (Buena Park, CA)","Buena Park","California","90620",163,8,5,32,59,59
"524","Montana State University - Northern","Havre","Montana","59501",163,1,17,3,1,141
"1092","Whittier College","Whittier","California","90608",163,1,5,20,52,85
"27","Art Institute of Fort Lauderdale","Ft Lauderdale","Florida","33316",162,29,1,6,76,50
"74","Bethel College (North Newton, KS)","North Newton","Kansas","67117",162,11,2,2,8,139
"1096","Wilberforce University","Wilberforce","Ohio","45384",162,150,4,1,2,5
"779","Stephens College","Columbia","Missouri","65215",160,22,5,9,8,116
"197","Columbia College (Columbia, SC)","Columbia","South Carolina","29203",158,49,1,5,5,98
"507","Midway College","Midway","Kentucky","40347",158,13,1,1,1,142
"382","ITT Technical Institute (Phoenix, AZ)","Phoenix","Arizona","85008",157,19,19,8,23,88
"576","Northwest College (Kirkland, WA)","Kirkland","Washington","98083",157,4,4,9,9,131
"329","Hampden-Sydney College","Hampden-Sydney","Virginia","23943",155,3,2,2,1,147
"979","University of South Carolina at Beaufort","Beaufort","South Carolina","29902",153,16,1,2,13,121
"802","SUNY College of Technology at Delhi","Delhi","New York","13753",152,23,2,6,9,112
"1081","Western New Mexico University","Silver City","New Mexico","88061",152,3,1,1,65,82
"600","Olivet College","Olivet","Michigan","49076",150,4,1,1,4,140
"904","University of La Verne","La Verne","California","91750",147,13,1,16,60,57
"189","Colorado Christian University (Lakewood, CO)","","","",143,3,1,4,14,121
"390","ITT Technical Institute (Unknown City, WI)","Unknown City","Wisconsin","?????",143,20,1,10,15,97
"317","Goucher College","Towson","Maryland","21204",142,10,1,9,7,115
"372","International Academy of Merchandising & Design","Unknown City","Florida","?????",142,36,1,1,28,76
"731","Southern University at New Orleans","New Orleans","Louisiana","70126",142,129,1,6,1,5
"747","St Bonaventure University","St Bonventure","New York","14778",142,2,2,33,2,103
"244","Dowling College","Oakdale Li","New York","11769",141,8,1,5,10,117
"256","East Texas Baptist University","Marshall","Texas","75670",141,10,2,6,8,115
"628","Pitzer College","Claremont","California","91711",141,5,2,18,28,88
"461","Lyon College","Batesville","Arkansas","72503",140,1,3,2,7,127
"692","Santa Fe Community College (Gainesville, FL)","Gainesville","Florida","32601",138,15,1,6,5,111
"315","Gordon College (Barnesville, GA)","Barnesville","Georgia","30204",137,43,1,6,5,82
"585","Oakland City University","Oakland City","Indiana","47660",137,32,1,1,4,99
"827","Texas Wesleyan University","Fort Worth","Texas","76105",136,33,3,12,33,55
"72","Bethel College (McKenzie, TN)","Mckenzie","Tennessee","38201",134,16,1,1,1,115
"162","Cleveland Chiropractic College of Kansas City","Kansas City","Missouri","64131",132,2,3,4,5,118
"975","University of Science and Arts of Oklahoma","Chickasha","Oklahoma","73018",129,4,9,3,9,104
"58","Becker College-Worcester","Worcester","Massachusetts","1609",128,1,2,5,7,113
"511","Mills College","Oakland","California","94613",126,16,3,24,33,50
"145","Central State University","Wilberforce","Ohio","45384",125,115,1,1,1,7
"693","Savannah College of Art and Design","Savannah","Georgia","31401",123,10,1,2,9,101
"708","Simpson College (Redding, CA)","Redding","California","96003",123,3,3,7,5,105
"574","Northern State University","Aberdeen","South Dakota","57401",122,2,2,1,1,116
"582","Northwood University","Midland","Michigan","48640",122,22,1,2,5,92
"589","Ohio Dominican College","Columbus","Ohio","43219",122,14,2,1,2,103
"191","Colorado Institute of Art","Denver","Colorado","80203",120,3,1,5,20,91
"94","Brigham Young University, Hawaii Campus","Laie Oahu","Hawaii","96762",113,2,2,44,3,62
"43","Averett College","Danville","Virginia","24541",107,19,1,1,4,82
"348","Holy Names College","Oakland","California","94619",106,25,1,24,17,39
"90","Brevard College","Brevard","North Carolina","28712",104,9,1,1,4,89
"342","Herzing College of Business and Technology","Atlanta","Georgia","30308",104,76,1,13,3,11
"391","ITT Technical Institute (Van Nuys, CA)","Van Nuys","California","91405",104,8,2,9,45,40
"176","College of Notre Dame","Belmont","California","94002",103,6,2,26,34,35
"102","Cabarrus College of Health Sciences","Unknown City","North Carolina","?????",102,10,1,2,3,86
"379","ITT Technical Institute (Fort Wayne, IN)","Fort Wayne","Indiana","46825",102,3,1,2,2,94
"223","Dalton College","Dalton","Georgia","30720",101,2,3,4,12,80
"245","Draughons Junior College","Montgomery","Alabama","36104",101,71,1,3,2,24
"464","Maharishi University of Management","Fairfield","Iowa","52556",100,6,1,5,9,79
"6","Alaska Pacific University","Anchorage","Alaska","99508",99,3,5,4,5,82
"148","Chaminade University of Honolulu","Honolulu","Hawaii","96816",99,1,2,66,8,22
"171","College of Aeronautics","Flushing","New York","11371",99,23,2,26,30,18
"648","Randolph-Macon Woman's College","Lynchburg","Virginia","24503",99,9,2,9,7,72
"476","Mary Baldwin College","Staunton","Virginia","24401",96,16,1,8,3,68
"207","Converse College","Spartanburg","South Carolina","29301",94,10,1,4,7,72
"152","Charter College","Anchorage","Alaska","99508",93,12,11,8,1,61
"745","St Andrews Presbyterian College","Laurinburg","North Carolina","28352",93,5,2,2,1,83
"267","ECPI Computer Institute-Capital Center","Richmond","Virginia","23230",91,24,1,3,1,62
"403","Jones College, All Campuses","Orlando","Florida","32810",91,65,1,3,3,19
"1077","Western International University","Phoenix","Arizona","85021",85,4,4,2,13,62
"758","St Joseph's College, Suffolk Campus","Patchogue","New York","11772",84,16,2,5,3,58
"26","Art Institute of Dallas","Dallas","Texas","?????",83,5,2,5,25,46
"387","ITT Technical Institute (Tucson, AZ)","Tucson","Arizona","85714",83,9,4,4,24,42
"548","New Hampshire College","Manchester","New Hampshire","3104",80,3,1,4,3,69
"1052","Warner Southern College","Lake Wales","Florida","33853",80,19,1,4,20,36
"649","Ranken Technical College","Saint Louis","Missouri","63113",78,10,1,1,1,65
"740","Spartan School of Aeronautics","Tulsa","Oklahoma","74158",77,7,2,3,9,56
"682","Salem College","Winston-Salem","North Carolina","27108",76,9,1,1,2,63
"63","Belmont Abbey College","Belmont","North Carolina","28012",70,5,1,2,7,55
"87","Bradley Academy for Visual Arts","York","Pennsylvania","17403",69,5,1,3,3,57
"478","Marymount Manhattan College","New York","New York","10021",69,5,1,3,16,44
"602","Olympic College","Bremerton","Washington","98310",67,3,1,6,6,51
"838","Trinity International Univ-Coll of Arts and Sci.","Deerfield","Illinois","60015",63,3,1,14,3,42
"312","Goddard College","Plainfield","Vermont","5667",57,1,1,1,4,50
"96","Brown Institute","Minneapolis","Minnesota","55407",50,3,1,4,1,41
"1051","Warner Pacific College","Portland","Oregon","97215",49,3,1,4,5,36
"706","Simon's Rock College of Bard","Gr Barrington","Massachusetts","1230",46,6,1,7,1,31
"313","Golden Gate University","San Francisco","California","94105",43,5,2,7,7,22
"341","Heritage College (Toppenish, WA)","Toppenish","Washington","98948",41,1,6,4,15,15
"33","Atlantic Union College","South Lancaster","Massachusetts","1561",38,11,1,3,15,8
"650","Rasmussen College St. Cloud","St Cloud","Minnesota","?????",25,2,1,1,1,20
